match_day,match_date,home_team,away_team,home_team_score,away_team_score,HT_num_goals_firsthalf,HT_num_goals_secondhalf,AT_num_goals_firsthalf,AT_num_goals_secondhalf,match_link,home_posession,away_posession,home_shots,away_shots,home_shots_ontarget,away_shots_ontarget,home_fouls,away_fouls,home_corners,away_corners,home_saves,away_saves,home_offsides,away_offsides,home_yellow,away_yellow,home_red,away_red
Sun,May 19,Eibar,Barça,2,2,2,0,2,0,https://www.msn.com/en-us/sports/soccer/la-liga/eibar-v-barcelona/game-center/sp-id-80402000001009693,39,61,18,8,8,3,17,5,5,2,1,6,,,4,2,0,0
Sun,May 19,Real Madrid,Betis,0,2,0,0,0,2,https://www.msn.com/en-us/sports/soccer/la-liga/real-madrid-v-real-betis/game-center/sp-id-80402000001009694,47,53,9,9,2,7,18,10,1,5,5,2,1,4,4,1,0,0
Sat,May 18,Alavés,Girona,2,1,1,1,0,1,https://www.msn.com/en-us/sports/soccer/la-liga/alav%c3%a9s-v-girona/game-center/sp-id-80402000001009686,43,57,14,13,7,4,13,10,6,4,3,5,1,4,3,3,0,0
Sat,May 18,Celta,Rayo,2,2,0,2,1,1,https://www.msn.com/en-us/sports/soccer/la-liga/celta-de-vigo-v-rayo-vallecano/game-center/sp-id-80402000001009687,45,55,14,11,5,4,16,20,3,5,2,3,1,2,0,4,0,0
Sat,May 18,Huesca,Leganés,2,1,1,2,0,0,https://www.msn.com/en-us/sports/soccer/la-liga/huesca-v-legan%c3%a9s/game-center/sp-id-80402000001009690,50,50,15,9,6,1,18,12,4,6,1,4,1,2,0,1,0,0
Sat,May 18,Espanyol,Real Sociedad,2,0,0,2,0,0,https://www.msn.com/en-us/sports/soccer/la-liga/espanyol-v-real-sociedad/game-center/sp-id-80402000001009688,37,63,10,11,4,2,13,13,4,5,2,2,3,1,3,2,0,0
Sat,May 18,Getafe,Villarreal,2,2,1,1,1,1,https://www.msn.com/en-us/sports/soccer/la-liga/getafe-v-villarreal/game-center/sp-id-80402000001009689,41,59,17,8,5,4,16,20,6,4,2,3,6,4,2,3,0,0
Sat,May 18,Sevilla FC,Athletic,2,0,1,1,0,0,https://www.msn.com/en-us/sports/soccer/la-liga/sevilla-v-athletic-club/game-center/sp-id-80402000001009691,47,53,9,10,3,1,14,19,2,3,1,2,,,4,2,0,0
Sat,May 18,Valladolid,Valencia,0,2,0,0,1,1,https://www.msn.com/en-us/sports/soccer/la-liga/real-valladolid-v-valencia-cf/game-center/sp-id-80402000001009695,50,50,19,9,4,6,12,10,8,2,4,4,1,3,1,4,0,0
Sat,May 18,Levante,Atlético,2,2,2,0,0,2,https://www.msn.com/en-us/sports/soccer/la-liga/levante-v-atl%c3%a9tico-de-madrid/game-center/sp-id-80402000001009692,46,54,17,17,7,8,9,7,6,4,6,5,,,0,1,0,1
Sun,May 12,Athletic,Celta,3,1,3,0,0,1,https://www.msn.com/en-us/sports/soccer/la-liga/athletic-club-v-celta-de-vigo/game-center/sp-id-80402000001009676,52,48,8,4,4,2,16,18,3,3,1,1,1,1,4,3,0,0
Sun,May 12,Atlético,Sevilla FC,1,1,1,0,0,1,https://www.msn.com/en-us/sports/soccer/la-liga/atl%c3%a9tico-de-madrid-v-sevilla/game-center/sp-id-80402000001009677,48,52,11,11,4,5,16,12,5,7,4,3,7,5,5,4,0,0
Sun,May 12,Barça,Getafe,2,0,1,0,0,1,https://www.msn.com/en-us/sports/soccer/la-liga/barcelona-v-getafe/game-center/sp-id-80402000001009678,79,21,13,11,,,9,13,4,3,,,1,5,1,3,0,0
Sun,May 12,Betis,Huesca,2,1,1,1,0,1,https://www.msn.com/en-us/sports/soccer/la-liga/real-betis-v-huesca/game-center/sp-id-80402000001009679,62,38,17,9,8,2,13,15,9,2,1,6,1,3,3,5,0,1
Sun,May 12,Girona,Levante,1,2,0,1,0,2,https://www.msn.com/en-us/sports/soccer/la-liga/girona-v-levante/game-center/sp-id-80402000001009680,60,40,14,7,6,3,15,16,9,2,1,5,,,2,3,0,0
Sun,May 12,Rayo,Valladolid,1,2,0,1,1,1,https://www.msn.com/en-us/sports/soccer/la-liga/rayo-vallecano-v-real-valladolid/game-center/sp-id-80402000001009681,70,30,16,9,5,6,13,9,4,2,4,4,3,2,2,2,0,0
Sun,May 12,Valencia,Alavés,3,1,2,1,1,0,https://www.msn.com/en-us/sports/soccer/la-liga/valencia-cf-v-alav%c3%a9s/game-center/sp-id-80402000001009682,43,57,10,10,4,3,9,14,7,4,2,1,,,2,5,0,0
Sun,May 12,Villarreal,Eibar,1,0,0,1,0,0,https://www.msn.com/en-us/sports/soccer/la-liga/villarreal-v-eibar/game-center/sp-id-80402000001009683,42,58,11,5,,,11,14,5,3,,,6,6,3,2,0,0
Sun,May 12,Leganés,Espanyol,0,2,0,0,1,1,https://www.msn.com/en-us/sports/soccer/la-liga/legan%c3%a9s-v-espanyol/game-center/sp-id-80402000001009684,47,53,11,19,4,7,11,9,6,7,5,4,2,6,2,1,1,0
Sun,May 12,Real Sociedad,Real Madrid,3,1,1,2,1,0,https://www.msn.com/en-us/sports/soccer/la-liga/real-sociedad-v-real-madrid/game-center/sp-id-80402000001009685,54,46,19,6,7,2,12,16,5,2,1,4,3,3,1,2,0,1
Sun,May 5,Huesca,Valencia,2,6,1,2,4,1,https://www.msn.com/en-us/sports/soccer/la-liga/huesca-v-valencia-cf/game-center/sp-id-80402000001009668,51,49,24,10,4,7,10,9,7,5,2,2,,,2,1,0,0
Sun,May 5,Valladolid,Athletic,1,0,1,0,0,0,https://www.msn.com/en-us/sports/soccer/la-liga/real-valladolid-v-athletic-club/game-center/sp-id-80402000001009671,40,60,10,9,3,1,14,22,1,3,1,2,1,1,5,5,0,0
Sun,May 5,Real Madrid,Villarreal,3,2,2,1,1,1,https://www.msn.com/en-us/sports/soccer/la-liga/real-madrid-v-villarreal/game-center/sp-id-80402000001009670,60,40,24,15,11,7,9,14,8,3,5,8,3,3,0,3,0,0
Sun,May 5,Eibar,Betis,1,0,1,0,0,0,https://www.msn.com/en-us/sports/soccer/la-liga/eibar-v-real-betis/game-center/sp-id-80402000001009674,46,54,14,12,6,6,15,7,11,8,6,5,1,3,3,2,0,0
Sun,May 5,Getafe,Girona,2,0,1,1,0,0,https://www.msn.com/en-us/sports/soccer/la-liga/getafe-v-girona/game-center/sp-id-80402000001009667,41,59,13,4,8,2,15,13,1,3,2,6,1,2,3,3,0,1
Sat,May 4,Celta,Barça,2,0,0,2,0,0,https://www.msn.com/en-us/sports/soccer/la-liga/celta-de-vigo-v-barcelona/game-center/sp-id-80402000001009673,35,65,14,8,6,1,11,13,11,1,1,4,2,1,1,5,0,0
Sat,May 4,Alavés,Real Sociedad,0,1,1,0,0,0,https://www.msn.com/en-us/sports/soccer/la-liga/alav%c3%a9s-v-real-sociedad/game-center/sp-id-80402000001009666,50,50,18,9,6,2,7,22,13,6,2,6,3,2,1,3,0,0
Sat,May 4,Espanyol,Atlético,3,0,0,2,1,0,https://www.msn.com/en-us/sports/soccer/la-liga/espanyol-v-atl%c3%a9tico-de-madrid/game-center/sp-id-80402000001009672,50,50,11,11,5,3,11,14,5,6,3,3,,,1,2,0,0
Sat,May 4,Levante,Rayo,4,1,2,2,0,1,https://www.msn.com/en-us/sports/soccer/la-liga/levante-v-rayo-vallecano/game-center/sp-id-80402000001009669,35,65,11,20,7,3,17,12,6,7,2,3,,,1,2,0,1
Fri,May 3,Sevilla FC,Leganés,0,3,0,0,2,1,https://www.msn.com/en-us/sports/soccer/la-liga/sevilla-v-legan%c3%a9s/game-center/sp-id-80402000001009675,64,36,7,9,3,5,11,23,3,4,2,3,3,3,1,1,0,0
Mon,Apr 29,Betis,Espanyol,1,1,0,1,1,0,https://www.msn.com/en-us/sports/soccer/la-liga/real-betis-v-espanyol/game-center/sp-id-80402000001009658,54,46,18,10,5,4,16,14,6,5,2,5,1,2,4,1,0,0
Sun,Apr 28,Rayo,Real Madrid,1,0,1,0,0,0,https://www.msn.com/en-us/sports/soccer/la-liga/rayo-vallecano-v-real-madrid/game-center/sp-id-80402000001009660,49,51,12,9,5,3,21,6,6,6,3,3,3,6,2,5,0,0
Sun,Apr 28,Villarreal,Huesca,1,1,1,0,0,1,https://www.msn.com/en-us/sports/soccer/la-liga/villarreal-v-huesca/game-center/sp-id-80402000001009665,47,53,18,14,5,3,15,22,,,2,4,1,3,5,2,0,1
Sun,Apr 28,Real Sociedad,Getafe,2,1,1,1,0,1,https://www.msn.com/en-us/sports/soccer/la-liga/real-sociedad-v-getafe/game-center/sp-id-80402000001009664,50,50,11,12,7,3,17,14,5,7,2,5,3,1,2,3,0,0
Sun,Apr 28,Girona,Sevilla FC,1,0,0,1,0,0,https://www.msn.com/en-us/sports/soccer/la-liga/girona-v-sevilla/game-center/sp-id-80402000001009659,43,57,15,7,4,3,12,18,3,6,3,3,,,1,2,0,1
Sun,Apr 28,Valencia,Eibar,0,1,0,0,0,1,https://www.msn.com/en-us/sports/soccer/la-liga/valencia-cf-v-eibar/game-center/sp-id-80402000001009663,49,51,7,13,2,3,10,15,7,6,3,2,6,1,2,3,0,0
Sat,Apr 27,Barça,Levante,1,0,0,1,0,0,https://www.msn.com/en-us/sports/soccer/la-liga/barcelona-v-levante/game-center/sp-id-80402000001009657,62,38,23,7,12,2,17,12,6,3,2,11,,,4,3,0,0
Sat,Apr 27,Leganés,Celta,0,0,99,99,99,99,https://www.msn.com/en-us/sports/soccer/la-liga/legan%c3%a9s-v-celta-de-vigo/game-center/sp-id-80402000001009662,47,53,10,8,1,2,16,5,4,6,1,1,1,1,1,0,0,0
Sat,Apr 27,Atlético,Valladolid,1,0,0,0,0,1,https://www.msn.com/en-us/sports/soccer/la-liga/atl%c3%a9tico-de-madrid-v-real-valladolid/game-center/sp-id-80402000001009656,59,41,13,13,1,4,19,12,7,3,4,1,,,4,2,0,0
Sat,Apr 27,Athletic,Alavés,1,1,1,0,1,0,https://www.msn.com/en-us/sports/soccer/la-liga/athletic-club-v-alav%c3%a9s/game-center/sp-id-80402000001009661,62,38,14,14,1,3,14,17,8,6,,,,,2,2,0,0
Thu,Apr 25,Getafe,Real Madrid,0,0,99,99,99,99,https://www.msn.com/en-us/sports/soccer/la-liga/getafe-v-real-madrid/game-center/sp-id-80402000001009648,33,67,9,12,5,4,17,15,9,4,4,5,1,3,1,3,0,0
Thu,Apr 25,Real Sociedad,Villarreal,0,1,0,0,0,1,https://www.msn.com/en-us/sports/soccer/la-liga/real-sociedad-v-villarreal/game-center/sp-id-80402000001009649,65,35,13,8,2,3,11,14,6,3,2,2,1,1,2,3,0,0
Thu,Apr 25,Sevilla FC,Rayo,5,0,0,5,0,0,https://www.msn.com/en-us/sports/soccer/la-liga/sevilla-v-rayo-vallecano/game-center/sp-id-80402000001009655,49,51,21,12,11,3,10,12,5,4,3,7,5,2,1,2,0,0
Wed,Apr 24,Levante,Betis,4,0,2,2,0,0,https://www.msn.com/en-us/sports/soccer/la-liga/levante-v-real-betis/game-center/sp-id-80402000001009651,30,70,6,7,4,2,9,15,3,4,,,7,1,2,3,0,0
Wed,Apr 24,Leganés,Athletic,0,1,1,0,0,0,https://www.msn.com/en-us/sports/soccer/la-liga/legan%c3%a9s-v-athletic-club/game-center/sp-id-80402000001009650,57,43,14,3,1,2,11,14,2,2,2,1,,,1,2,0,0
Wed,Apr 24,Espanyol,Celta,1,1,1,0,0,1,https://www.msn.com/en-us/sports/soccer/la-liga/espanyol-v-celta-de-vigo/game-center/sp-id-80402000001009652,48,52,9,18,2,6,15,8,2,4,5,1,2,2,2,1,0,0
Wed,Apr 24,Atlético,Valencia,3,2,1,2,1,1,https://www.msn.com/en-us/sports/soccer/la-liga/atl%c3%a9tico-de-madrid-v-valencia-cf/game-center/sp-id-80402000001009647,57,43,14,12,6,4,17,13,4,3,2,3,,,3,3,0,0
Tue,Apr 23,Alavés,Barça,0,2,0,0,0,2,https://www.msn.com/en-us/sports/soccer/la-liga/alav%c3%a9s-v-barcelona/game-center/sp-id-80402000001009646,24,76,6,16,1,6,19,9,1,4,4,1,1,1,3,1,0,0
Tue,Apr 23,Valladolid,Girona,1,0,0,1,0,0,https://www.msn.com/en-us/sports/soccer/la-liga/real-valladolid-v-girona/game-center/sp-id-80402000001009654,50,50,13,5,,,17,17,4,5,,,,,4,3,0,0
Tue,Apr 23,Huesca,Eibar,2,0,0,2,0,0,https://www.msn.com/en-us/sports/soccer/la-liga/huesca-v-eibar/game-center/sp-id-80402000001009653,47,53,12,8,3,4,16,16,5,3,4,1,7,3,4,1,0,0
Sun,Apr 21,Betis,Valencia,1,2,0,1,1,1,https://www.msn.com/en-us/sports/soccer/la-liga/real-betis-v-valencia-cf/game-center/sp-id-80402000001009638,66,34,23,4,7,3,19,13,8,2,1,6,,,4,0,0,1
Sun,Apr 21,Villarreal,Leganés,2,1,0,2,0,1,https://www.msn.com/en-us/sports/soccer/la-liga/villarreal-v-legan%c3%a9s/game-center/sp-id-80402000001009645,67,33,11,6,5,2,12,15,7,4,1,3,4,3,2,1,0,0
Sun,Apr 21,Real Madrid,Athletic,3,0,0,3,0,0,https://www.msn.com/en-us/sports/soccer/la-liga/real-madrid-v-athletic-club/game-center/sp-id-80402000001009641,57,43,11,5,4,3,12,16,8,2,3,1,2,1,2,4,0,0
Sun,Apr 21,Getafe,Sevilla FC,3,0,2,1,0,0,https://www.msn.com/en-us/sports/soccer/la-liga/getafe-v-sevilla/game-center/sp-id-80402000001009640,36,64,10,12,3,2,19,15,2,7,,,2,3,3,4,1,1
Sun,Apr 21,Levante,Espanyol,2,2,0,2,1,1,https://www.msn.com/en-us/sports/soccer/la-liga/levante-v-espanyol/game-center/sp-id-80402000001009643,50,50,19,15,5,7,13,15,12,7,5,3,,,2,1,1,0
Sat,Apr 20,Barça,Real Sociedad,2,1,1,1,0,1,https://www.msn.com/en-us/sports/soccer/la-liga/barcelona-v-real-sociedad/game-center/sp-id-80402000001009637,50,50,11,9,4,2,11,12,4,2,1,2,,,0,1,0,0
Sat,Apr 20,Rayo,Huesca,0,0,99,99,99,99,https://www.msn.com/en-us/sports/soccer/la-liga/rayo-vallecano-v-huesca/game-center/sp-id-80402000001009644,56,44,16,10,3,3,12,10,8,3,3,3,3,8,4,2,0,0
Sat,Apr 20,Eibar,Atlético,0,1,0,0,0,1,https://www.msn.com/en-us/sports/soccer/la-liga/eibar-v-atl%c3%a9tico-de-madrid/game-center/sp-id-80402000001009642,52,48,10,8,2,4,11,12,5,8,3,2,1,4,3,1,0,0
Sat,Apr 20,Celta,Girona,2,1,1,1,0,1,https://www.msn.com/en-us/sports/soccer/la-liga/celta-de-vigo-v-girona/game-center/sp-id-80402000001009639,63,37,13,9,8,1,7,10,5,1,,,2,1,2,1,0,0
Fri,Apr 19,Alavés,Valladolid,2,2,2,0,1,1,https://www.msn.com/en-us/sports/soccer/la-liga/alav%c3%a9s-v-real-valladolid/game-center/sp-id-80402000001009636,46,54,10,12,4,7,17,16,5,7,5,1,1,1,3,5,0,0
Mon,Apr 15,Leganés,Real Madrid,1,1,1,0,0,1,https://www.msn.com/en-us/sports/soccer/la-liga/legan%c3%a9s-v-real-madrid/game-center/sp-id-80402000001009629,29,71,5,13,2,6,11,12,1,5,5,1,,,0,3,0,0
Sun,Apr 14,Valencia,Levante,3,1,2,0,2,0,https://www.msn.com/en-us/sports/soccer/la-liga/valencia-cf-v-levante/game-center/sp-id-80402000001009635,39,61,18,8,8,3,17,5,5,2,1,6,,,4,2,0,0
Sun,Apr 14,Girona,Villarreal,0,1,0,0,1,0,https://www.msn.com/en-us/sports/soccer/la-liga/girona-v-villarreal/game-center/sp-id-80402000001009628,58,42,14,17,5,6,12,11,9,5,5,5,2,1,2,5,0,0
Sun,Apr 14,Real Sociedad,Eibar,1,1,1,0,0,1,https://www.msn.com/en-us/sports/soccer/la-liga/real-sociedad-v-eibar/game-center/sp-id-80402000001009633,37,63,3,17,2,2,15,18,,,1,1,,,2,2,0,0
Sun,Apr 14,Athletic,Rayo,3,2,1,2,1,1,https://www.msn.com/en-us/sports/soccer/la-liga/athletic-club-v-rayo-vallecano/game-center/sp-id-80402000001009626,46,54,15,8,9,4,10,16,3,6,2,5,3,2,1,1,0,1
Sun,Apr 14,Valladolid,Getafe,2,2,1,1,1,1,https://www.msn.com/en-us/sports/soccer/la-liga/real-valladolid-v-getafe/game-center/sp-id-80402000001009634,60,40,8,8,4,3,22,18,5,3,1,2,5,2,4,2,0,1
Sat,Apr 13,Sevilla FC,Betis,3,2,1,2,0,2,https://www.msn.com/en-us/sports/soccer/la-liga/sevilla-v-real-betis/game-center/sp-id-80402000001009632,38,62,11,12,5,7,18,8,5,4,4,2,4,5,6,3,0,0
Sat,Apr 13,Atlético,Celta,2,0,1,1,0,0,https://www.msn.com/en-us/sports/soccer/la-liga/atl%c3%a9tico-de-madrid-v-celta-de-vigo/game-center/sp-id-80402000001009627,56,44,11,10,5,3,9,15,1,2,3,2,,,2,2,0,0
Sat,Apr 13,Huesca,Barça,0,0,99,99,99,99,https://www.msn.com/en-us/sports/soccer/la-liga/huesca-v-barcelona/game-center/sp-id-80402000001009631,26,74,6,10,1,2,18,13,6,5,2,1,3,8,1,2,0,0
Sat,Apr 13,Espanyol,Alavés,2,1,1,0,0,2,https://www.msn.com/en-us/sports/soccer/la-liga/espanyol-v-alav%c3%a9s/game-center/sp-id-80402000001009630,56,44,6,13,2,3,12,17,4,8,2,1,4,2,3,2,0,0
Sun,Apr 7,Betis,Villarreal,2,1,1,1,1,0,https://www.msn.com/en-us/sports/soccer/la-liga/real-betis-v-villarreal/game-center/sp-id-80402000001009617,57,43,17,10,7,4,15,14,4,3,3,4,1,2,4,4,0,0
Sun,Apr 7,Celta,Real Sociedad,3,1,0,3,1,0,https://www.msn.com/en-us/sports/soccer/la-liga/celta-de-vigo-v-real-sociedad/game-center/sp-id-80402000001009618,49,51,11,14,4,7,16,11,2,7,6,1,1,1,2,1,0,1
Sun,Apr 7,Levante,Huesca,2,2,1,1,0,2,https://www.msn.com/en-us/sports/soccer/la-liga/levante-v-huesca/game-center/sp-id-80402000001009624,55,45,14,17,8,4,22,12,9,1,2,6,,,2,4,0,0
Sun,Apr 7,Valladolid,Sevilla FC,0,2,0,0,0,2,https://www.msn.com/en-us/sports/soccer/la-liga/real-valladolid-v-sevilla/game-center/sp-id-80402000001009625,39,61,10,15,5,4,17,12,6,7,2,5,6,2,3,3,0,0
Sun,Apr 7,Getafe,Athletic,1,0,0,1,0,0,https://www.msn.com/en-us/sports/soccer/la-liga/getafe-v-athletic-club/game-center/sp-id-80402000001009620,49,51,6,10,2,1,16,18,1,2,1,1,,,2,1,0,0
Sun,Apr 7,Alavés,Leganés,1,1,1,0,0,1,https://www.msn.com/en-us/sports/soccer/la-liga/alav%c3%a9s-v-legan%c3%a9s/game-center/sp-id-80402000001009616,45,55,6,9,1,5,17,15,3,3,,,2,2,6,3,0,0
Sat,Apr 6,Barça,Atlético,2,0,0,2,0,0,https://www.msn.com/en-us/sports/soccer/la-liga/barcelona-v-atl%c3%a9tico-de-madrid/game-center/sp-id-80402000001009621,64,36,21,9,10,2,14,12,5,1,2,8,,,3,4,0,1
Sat,Apr 6,Rayo,Valencia,2,0,1,1,0,0,https://www.msn.com/en-us/sports/soccer/la-liga/rayo-vallecano-v-valencia-cf/game-center/sp-id-80402000001009619,52,48,15,12,5,3,17,10,4,7,3,3,1,4,2,3,0,0
Sat,Apr 6,Real Madrid,Eibar,2,1,0,2,1,0,https://www.msn.com/en-us/sports/soccer/la-liga/real-madrid-v-eibar/game-center/sp-id-80402000001009622,56,44,13,3,7,1,9,15,5,4,,,6,3,0,1,0,0
Sat,Apr 6,Girona,Espanyol,1,2,0,2,0,1,https://www.msn.com/en-us/sports/soccer/la-liga/girona-v-espanyol/game-center/sp-id-80402000001009623,55,45,14,10,5,2,23,20,1,4,1,4,3,2,5,2,0,0
Thu,Apr 4,Real Sociedad,Betis,2,1,1,1,0,1,https://www.msn.com/en-us/sports/soccer/la-liga/real-sociedad-v-real-betis/game-center/sp-id-80402000001009613,36,64,15,11,7,6,12,13,3,6,5,5,1,2,2,3,0,0
Thu,Apr 4,Leganés,Valladolid,1,0,0,1,0,0,https://www.msn.com/en-us/sports/soccer/la-liga/legan%c3%a9s-v-real-valladolid/game-center/sp-id-80402000001009610,56,44,18,8,2,1,13,11,3,4,1,1,1,2,2,2,0,0
Thu,Apr 4,Sevilla FC,Alavés,2,0,1,1,0,0,https://www.msn.com/en-us/sports/soccer/la-liga/sevilla-v-alav%c3%a9s/game-center/sp-id-80402000001009611,64,36,18,4,5,1,13,19,11,1,1,3,3,2,3,4,0,0
Wed,Apr 3,Valencia,Real Madrid,2,1,1,1,0,1,https://www.msn.com/en-us/sports/soccer/la-liga/valencia-cf-v-real-madrid/game-center/sp-id-80402000001009615,32,68,11,15,4,5,9,13,6,6,4,2,2,1,1,2,0,0
Wed,Apr 3,Eibar,Rayo,2,1,0,2,1,0,https://www.msn.com/en-us/sports/soccer/la-liga/eibar-v-rayo-vallecano/game-center/sp-id-80402000001009608,45,55,12,14,6,3,14,9,2,6,2,4,2,5,1,2,0,0
Wed,Apr 3,Huesca,Celta,3,3,0,3,1,2,https://www.msn.com/en-us/sports/soccer/la-liga/huesca-v-celta-de-vigo/game-center/sp-id-80402000001009614,53,47,22,11,6,5,9,12,,,2,3,,,2,3,0,0
Wed,Apr 3,Athletic,Levante,3,2,2,1,0,2,https://www.msn.com/en-us/sports/soccer/la-liga/athletic-club-v-levante/game-center/sp-id-80402000001009606,40,60,14,11,7,6,13,14,2,9,4,4,1,1,3,5,0,1
Tue,Apr 2,Villarreal,Barça,4,4,1,3,2,2,https://www.msn.com/en-us/sports/soccer/la-liga/villarreal-v-barcelona/game-center/sp-id-80402000001009612,32,68,16,15,9,9,10,10,5,3,5,5,2,4,2,7,1,0
Tue,Apr 2,Espanyol,Getafe,1,1,0,1,0,1,https://www.msn.com/en-us/sports/soccer/la-liga/espanyol-v-getafe/game-center/sp-id-80402000001009609,51,49,9,13,3,3,14,14,5,4,2,2,3,1,4,3,0,0
Tue,Apr 2,Atlético,Girona,2,0,0,2,0,0,https://www.msn.com/en-us/sports/soccer/la-liga/atl%c3%a9tico-de-madrid-v-girona/game-center/sp-id-80402000001009607,49,51,17,12,7,4,10,9,4,3,4,6,,,1,0,0,0
Sun,Mar 31,Real Madrid,Huesca,3,2,1,2,1,1,https://www.msn.com/en-us/sports/soccer/la-liga/real-madrid-v-huesca/game-center/sp-id-80402000001009604,71,29,16,15,8,3,9,18,4,6,1,5,,,1,3,0,0
Sun,Mar 31,Valladolid,Real Sociedad,1,1,1,0,0,1,https://www.msn.com/en-us/sports/soccer/la-liga/real-valladolid-v-real-sociedad/game-center/sp-id-80402000001009605,41,59,11,10,4,1,18,8,7,5,,,3,2,4,1,0,0
Sun,Mar 31,Sevilla FC,Valencia,0,1,0,0,1,0,https://www.msn.com/en-us/sports/soccer/la-liga/sevilla-v-valencia-cf/game-center/sp-id-80402000001009600,60,40,17,4,5,2,18,9,5,3,1,5,4,1,3,1,0,0
Sun,Mar 31,Rayo,Betis,1,1,1,0,0,1,https://www.msn.com/en-us/sports/soccer/la-liga/rayo-vallecano-v-real-betis/game-center/sp-id-80402000001009602,46,54,20,7,5,2,22,9,6,3,1,4,1,4,5,3,1,0
Sun,Mar 31,Levante,Eibar,2,2,2,0,1,1,https://www.msn.com/en-us/sports/soccer/la-liga/levante-v-eibar/game-center/sp-id-80402000001009603,40,60,7,17,2,3,9,12,6,7,,,3,2,2,1,0,0
Sat,Mar 30,Alavés,Atlético,0,4,0,0,2,2,https://www.msn.com/en-us/sports/soccer/la-liga/alav%c3%a9s-v-atl%c3%a9tico-de-madrid/game-center/sp-id-80402000001009596,44,56,14,11,4,7,10,8,9,2,3,3,,,2,2,0,0
Sat,Mar 30,Celta,Villarreal,3,2,0,3,2,0,https://www.msn.com/en-us/sports/soccer/la-liga/celta-de-vigo-v-villarreal/game-center/sp-id-80402000001009598,64,36,15,14,6,5,7,8,10,7,3,3,2,1,1,3,0,0
Sat,Mar 30,Barça,Espanyol,2,0,0,2,0,0,https://www.msn.com/en-us/sports/soccer/la-liga/barcelona-v-espanyol/game-center/sp-id-80402000001009597,70,30,13,4,3,2,15,14,5,2,2,2,2,3,0,4,0,0
Sat,Mar 30,Getafe,Leganés,0,2,0,0,0,2,https://www.msn.com/en-us/sports/soccer/la-liga/getafe-v-legan%c3%a9s/game-center/sp-id-80402000001009599,56,44,9,7,2,3,15,25,3,4,1,2,,,5,2,0,0
Fri,Mar 29,Girona,Athletic,1,2,1,0,0,2,https://www.msn.com/en-us/sports/soccer/la-liga/girona-v-athletic-club/game-center/sp-id-80402000001009601,49,51,6,8,2,5,18,18,3,3,3,1,1,4,2,4,0,0
Sun,Mar 17,Betis,Barça,1,4,0,1,2,2,https://www.msn.com/en-us/sports/soccer/la-liga/real-betis-v-barcelona/game-center/sp-id-80402000001009590,56,44,13,16,3,9,10,11,3,7,5,2,1,2,1,2,0,0
Sun,Mar 17,Valencia,Getafe,0,0,99,99,99,99,https://www.msn.com/en-us/sports/soccer/la-liga/valencia-cf-v-getafe/game-center/sp-id-80402000001009592,63,37,8,9,2,1,13,22,3,5,1,2,6,3,3,4,0,0
Sun,Mar 17,Villarreal,Rayo,3,1,0,3,1,0,https://www.msn.com/en-us/sports/soccer/la-liga/villarreal-v-rayo-vallecano/game-center/sp-id-80402000001009595,54,46,12,7,4,3,16,7,5,5,2,1,3,3,3,3,0,0
Sun,Mar 17,Espanyol,Sevilla FC,0,1,0,0,0,1,https://www.msn.com/en-us/sports/soccer/la-liga/espanyol-v-sevilla/game-center/sp-id-80402000001009588,50,50,13,12,3,3,11,14,6,5,2,3,2,5,0,2,1,1
Sun,Mar 17,Eibar,Valladolid,1,2,0,1,0,2,https://www.msn.com/en-us/sports/soccer/la-liga/eibar-v-real-valladolid/game-center/sp-id-80402000001009587,62,38,15,8,3,3,16,14,,,1,2,4,5,4,3,0,0
Sat,Mar 16,Leganés,Girona,0,2,0,0,2,0,https://www.msn.com/en-us/sports/soccer/la-liga/legan%c3%a9s-v-girona/game-center/sp-id-80402000001009593,53,47,12,8,3,4,20,6,6,2,2,3,,,8,1,0,0
Sat,Mar 16,Athletic,Atlético,2,0,0,2,0,0,https://www.msn.com/en-us/sports/soccer/la-liga/athletic-club-v-atl%c3%a9tico-de-madrid/game-center/sp-id-80402000001009586,48,52,8,9,5,2,12,4,1,7,2,3,,,3,1,0,0
Sat,Mar 16,Real Madrid,Celta,2,0,0,2,0,0,https://www.msn.com/en-us/sports/soccer/la-liga/real-madrid-v-celta-de-vigo/game-center/sp-id-80402000001009591,53,47,22,6,7,1,15,8,9,2,1,5,2,2,1,0,0,0
Sat,Mar 16,Huesca,Alavés,1,3,1,0,1,2,https://www.msn.com/en-us/sports/soccer/la-liga/huesca-v-alav%c3%a9s/game-center/sp-id-80402000001009589,55,45,7,12,1,5,21,23,2,2,,,1,3,1,3,0,0
Fri,Mar 15,Real Sociedad,Levante,1,1,1,0,0,1,https://www.msn.com/en-us/sports/soccer/la-liga/real-sociedad-v-levante/game-center/sp-id-80402000001009594,58,42,23,8,7,3,10,12,5,3,2,6,5,4,2,2,0,0
Sun,Mar 10,Valladolid,Real Madrid,1,4,1,0,1,3,https://www.msn.com/en-us/sports/soccer/la-liga/real-valladolid-v-real-madrid/game-center/sp-id-80402000001009584,38,62,10,15,2,6,14,12,5,12,2,1,5,1,1,4,0,1
Sun,Mar 10,Levante,Villarreal,0,2,0,1,0,1,https://www.msn.com/en-us/sports/soccer/la-liga/levante-v-villarreal/game-center/sp-id-80402000001009582,52,48,11,13,3,5,8,21,8,2,4,3,2,2,3,5,0,0
Sun,Mar 10,Sevilla FC,Real Sociedad,5,2,1,3,1,2,https://www.msn.com/en-us/sports/soccer/la-liga/sevilla-v-real-sociedad/game-center/sp-id-80402000001009585,49,51,21,9,10,2,12,13,7,2,,,5,2,2,2,0,0
Sun,Mar 10,Girona,Valencia,2,3,1,1,1,2,https://www.msn.com/en-us/sports/soccer/la-liga/girona-v-valencia-cf/game-center/sp-id-80402000001009581,60,40,17,11,7,6,13,10,6,1,3,5,,,1,2,0,1
Sun,Mar 10,Celta,Betis,0,1,0,0,0,1,https://www.msn.com/en-us/sports/soccer/la-liga/celta-de-vigo-v-real-betis/game-center/sp-id-80402000001009583,38,62,7,14,1,4,17,16,4,4,3,1,6,1,3,0,0,0
Sat,Mar 9,Getafe,Huesca,2,1,0,2,1,0,https://www.msn.com/en-us/sports/soccer/la-liga/getafe-v-huesca/game-center/sp-id-80402000001009580,57,43,13,7,5,1,14,17,13,1,,,4,3,0,4,0,0
Sat,Mar 9,Barça,Rayo,3,1,1,2,1,0,https://www.msn.com/en-us/sports/soccer/la-liga/barcelona-v-rayo-vallecano/game-center/sp-id-80402000001009579,69,31,12,8,6,1,12,17,10,4,,,5,2,1,2,0,0
Sat,Mar 9,Atlético,Leganés,1,0,0,1,0,0,https://www.msn.com/en-us/sports/soccer/la-liga/atl%c3%a9tico-de-madrid-v-legan%c3%a9s/game-center/sp-id-80402000001009578,45,55,13,3,4,2,9,7,4,4,2,3,,,2,2,0,0
Sat,Mar 9,Alavés,Eibar,1,1,0,1,0,1,https://www.msn.com/en-us/sports/soccer/la-liga/alav%c3%a9s-v-eibar/game-center/sp-id-80402000001009576,44,56,16,20,3,3,10,18,3,5,2,2,,,1,1,0,0
Fri,Mar 8,Athletic,Espanyol,1,1,0,1,1,0,https://www.msn.com/en-us/sports/soccer/la-liga/athletic-club-v-espanyol/game-center/sp-id-80402000001009577,65,35,15,5,6,2,13,20,,,1,5,3,2,3,5,0,0
Mon,Mar 4,Leganés,Levante,1,0,1,0,0,0,https://www.msn.com/en-us/sports/soccer/la-liga/legan%c3%a9s-v-levante/game-center/sp-id-80402000001009569,39,61,14,15,3,4,15,10,2,2,4,2,,,6,4,0,0
Sun,Mar 3,Valencia,Athletic,2,0,0,2,0,0,https://www.msn.com/en-us/sports/soccer/la-liga/valencia-cf-v-athletic-club/game-center/sp-id-80402000001009572,50,50,11,4,3,1,12,13,6,2,1,1,,,0,3,0,0
Sun,Mar 3,Real Sociedad,Atlético,0,2,0,0,2,0,https://www.msn.com/en-us/sports/soccer/la-liga/real-sociedad-v-atl%c3%a9tico-de-madrid/game-center/sp-id-80402000001009573,61,39,19,8,3,3,12,17,7,3,1,3,,,1,2,0,1
Sun,Mar 3,Betis,Getafe,1,2,0,1,2,0,https://www.msn.com/en-us/sports/soccer/la-liga/real-betis-v-getafe/game-center/sp-id-80402000001009566,65,35,6,11,2,5,14,14,4,4,3,1,4,2,2,2,0,0
Sun,Mar 3,Eibar,Celta,1,0,0,1,0,0,https://www.msn.com/en-us/sports/soccer/la-liga/eibar-v-celta-de-vigo/game-center/sp-id-80402000001009574,63,37,15,3,4,1,14,16,,,1,3,5,3,1,1,0,0
Sat,Mar 2,Real Madrid,Barça,0,1,0,0,1,0,https://www.msn.com/en-us/sports/soccer/la-liga/real-madrid-v-barcelona/game-center/sp-id-80402000001009570,49,51,17,9,3,4,16,13,8,6,3,3,2,2,3,2,0,0
Sat,Mar 2,Huesca,Sevilla FC,2,1,1,1,0,1,https://www.msn.com/en-us/sports/soccer/la-liga/huesca-v-sevilla/game-center/sp-id-80402000001009568,28,72,7,12,3,5,15,16,3,12,1,1,1,4,5,4,0,0
Sat,Mar 2,Villarreal,Alavés,1,2,0,1,0,2,https://www.msn.com/en-us/sports/soccer/la-liga/villarreal-v-alav%c3%a9s/game-center/sp-id-80402000001009571,60,40,9,10,2,2,15,12,8,2,,,5,3,2,3,0,0
Sat,Mar 2,Espanyol,Valladolid,3,1,1,2,1,0,https://www.msn.com/en-us/sports/soccer/la-liga/espanyol-v-real-valladolid/game-center/sp-id-80402000001009567,54,46,15,14,6,3,17,8,5,3,2,3,3,1,2,2,0,0
Fri,Mar 1,Rayo,Girona,0,2,0,0,1,1,https://www.msn.com/en-us/sports/soccer/la-liga/rayo-vallecano-v-girona/game-center/sp-id-80402000001009575,54,46,9,12,3,4,17,23,7,1,2,3,1,2,3,4,1,0
Mon,Feb 25,Girona,Real Sociedad,0,0,99,99,99,99,https://www.msn.com/en-us/sports/soccer/la-liga/girona-v-real-sociedad/game-center/sp-id-80402000001009561,46,54,10,7,3,1,26,15,3,5,1,3,1,4,4,1,0,0
Sun,Feb 24,Levante,Real Madrid,1,2,0,1,1,1,https://www.msn.com/en-us/sports/soccer/la-liga/levante-v-real-madrid/game-center/sp-id-80402000001009563,40,60,11,19,2,5,17,11,4,6,3,1,,,3,1,1,1
Sun,Feb 24,Valladolid,Betis,0,2,0,0,1,1,https://www.msn.com/en-us/sports/soccer/la-liga/real-valladolid-v-real-betis/game-center/sp-id-80402000001009565,48,52,10,6,2,2,10,9,13,4,,,5,1,1,2,0,0
Sun,Feb 24,Atlético,Villarreal,2,0,1,1,0,0,https://www.msn.com/en-us/sports/soccer/la-liga/atl%c3%a9tico-de-madrid-v-villarreal/game-center/sp-id-80402000001009558,51,49,15,14,7,3,9,10,6,7,3,5,,,0,3,0,0
Sun,Feb 24,Leganés,Valencia,1,1,0,1,1,0,https://www.msn.com/en-us/sports/soccer/la-liga/legan%c3%a9s-v-valencia-cf/game-center/sp-id-80402000001009562,50,50,17,6,6,1,14,10,4,2,,,,,5,3,0,0
Sat,Feb 23,Athletic,Eibar,1,0,1,0,0,0,https://www.msn.com/en-us/sports/soccer/la-liga/athletic-club-v-eibar/game-center/sp-id-80402000001009557,46,54,9,7,4,2,10,17,10,2,2,3,5,1,3,4,0,0
Sat,Feb 23,Alavés,Celta,0,0,99,99,99,99,https://www.msn.com/en-us/sports/soccer/la-liga/alav%c3%a9s-v-celta-de-vigo/game-center/sp-id-80402000001009556,47,53,17,8,4,2,15,9,3,4,2,4,3,3,2,2,0,0
Sat,Feb 23,Sevilla FC,Barça,2,4,2,0,1,3,https://www.msn.com/en-us/sports/soccer/la-liga/sevilla-v-barcelona/game-center/sp-id-80402000001009564,40,60,13,17,4,8,15,11,3,8,4,2,4,3,6,1,0,0
Sat,Feb 23,Getafe,Rayo,2,1,1,1,0,1,https://www.msn.com/en-us/sports/soccer/la-liga/getafe-v-rayo-vallecano/game-center/sp-id-80402000001009560,42,58,11,7,2,2,12,13,2,2,,,3,3,2,1,0,0
Fri,Feb 22,Espanyol,Huesca,1,1,1,0,0,1,https://www.msn.com/en-us/sports/soccer/la-liga/espanyol-v-huesca/game-center/sp-id-80402000001009559,68,32,13,12,2,4,9,16,7,4,3,2,5,5,1,4,0,0
Mon,Feb 18,Huesca,Athletic,0,1,0,0,1,0,https://www.msn.com/en-us/sports/soccer/la-liga/huesca-v-athletic-club/game-center/sp-id-80402000001009550,50,50,12,9,2,4,16,11,3,5,3,3,2,2,5,1,0,0
Sun,Feb 17,Betis,Alavés,1,1,1,0,1,0,https://www.msn.com/en-us/sports/soccer/la-liga/real-betis-v-alav%c3%a9s/game-center/sp-id-80402000001009549,66,34,18,6,9,3,10,12,6,3,2,7,,,4,1,0,0
Sun,Feb 17,Villarreal,Sevilla FC,3,0,2,1,0,0,https://www.msn.com/en-us/sports/soccer/la-liga/villarreal-v-sevilla/game-center/sp-id-80402000001009555,43,57,12,21,6,5,7,12,6,4,5,3,3,3,4,1,0,0
Sun,Feb 17,Valencia,Espanyol,0,0,99,99,99,99,https://www.msn.com/en-us/sports/soccer/la-liga/valencia-cf-v-espanyol/game-center/sp-id-80402000001009552,51,49,21,7,1,1,12,10,10,2,1,1,2,1,2,2,0,1
Sun,Feb 17,Real Madrid,Girona,1,2,1,0,0,2,https://www.msn.com/en-us/sports/soccer/la-liga/real-madrid-v-girona/game-center/sp-id-80402000001009553,57,43,19,14,7,6,13,18,,,4,6,5,3,1,2,1,0
Sat,Feb 16,Barça,Valladolid,1,0,1,0,0,0,https://www.msn.com/en-us/sports/soccer/la-liga/barcelona-v-real-valladolid/game-center/sp-id-80402000001009546,61,39,20,10,,,12,18,3,5,,,3,2,1,3,0,0
Sat,Feb 16,Real Sociedad,Leganés,3,0,0,3,0,0,https://www.msn.com/en-us/sports/soccer/la-liga/real-sociedad-v-legan%c3%a9s/game-center/sp-id-80402000001009554,62,38,15,8,6,3,10,16,4,1,3,3,2,1,4,2,0,0
Sat,Feb 16,Rayo,Atlético,0,1,0,0,0,1,https://www.msn.com/en-us/sports/soccer/la-liga/rayo-vallecano-v-atl%c3%a9tico-de-madrid/game-center/sp-id-80402000001009551,50,50,12,4,6,3,10,14,4,6,2,6,,,0,1,0,0
Sat,Feb 16,Celta,Levante,1,4,0,1,2,2,https://www.msn.com/en-us/sports/soccer/la-liga/celta-de-vigo-v-levante/game-center/sp-id-80402000001009547,57,43,14,14,7,8,12,17,5,7,4,6,3,1,1,1,1,0
Fri,Feb 15,Eibar,Getafe,2,2,0,2,1,1,https://www.msn.com/en-us/sports/soccer/la-liga/eibar-v-getafe/game-center/sp-id-80402000001009548,58,42,11,7,6,4,13,12,3,3,2,4,3,6,2,2,0,0
Mon,Feb 11,Alavés,Levante,2,0,1,1,0,0,https://www.msn.com/en-us/sports/soccer/la-liga/alav%c3%a9s-v-levante/game-center/sp-id-80402000001009537,47,53,16,8,,,14,18,3,10,,,,,3,2,0,0
Sun,Feb 10,Athletic,Barça,0,0,99,99,99,99,https://www.msn.com/en-us/sports/soccer/la-liga/athletic-club-v-barcelona/game-center/sp-id-80402000001009538,33,67,13,10,5,2,23,10,6,4,2,5,2,3,2,2,1,0
Sun,Feb 10,Sevilla FC,Eibar,2,2,0,2,1,1,https://www.msn.com/en-us/sports/soccer/la-liga/sevilla-v-eibar/game-center/sp-id-80402000001009544,58,42,13,8,4,4,11,7,9,7,2,2,3,3,3,1,1,0
Sun,Feb 10,Valencia,Real Sociedad,0,0,99,99,99,99,https://www.msn.com/en-us/sports/soccer/la-liga/valencia-cf-v-real-sociedad/game-center/sp-id-80402000001009545,41,59,10,8,4,1,11,18,7,5,1,4,,,2,4,0,0
Sun,Feb 10,Leganés,Betis,3,0,2,1,0,0,https://www.msn.com/en-us/sports/soccer/la-liga/legan%c3%a9s-v-real-betis/game-center/sp-id-80402000001009542,32,68,16,3,4,1,22,11,4,4,1,1,,,4,2,0,1
Sat,Feb 9,Girona,Huesca,0,2,0,0,2,0,https://www.msn.com/en-us/sports/soccer/la-liga/girona-v-huesca/game-center/sp-id-80402000001009540,66,34,13,6,7,6,9,18,13,2,4,7,2,2,1,1,1,0
Sat,Feb 9,Espanyol,Rayo,2,1,0,2,1,0,https://www.msn.com/en-us/sports/soccer/la-liga/espanyol-v-rayo-vallecano/game-center/sp-id-80402000001009539,61,39,15,9,5,3,11,19,6,2,2,3,5,1,0,2,0,0
Sat,Feb 9,Atlético,Real Madrid,1,3,1,0,2,1,https://www.msn.com/en-us/sports/soccer/la-liga/atl%c3%a9tico-de-madrid-v-real-madrid/game-center/sp-id-80402000001009536,34,66,11,11,2,4,21,16,3,4,1,1,,,5,3,1,0
Sat,Feb 9,Getafe,Celta,3,1,1,2,1,0,https://www.msn.com/en-us/sports/soccer/la-liga/getafe-v-celta-de-vigo/game-center/sp-id-80402000001009543,49,51,12,13,6,3,16,13,4,3,2,3,3,4,3,1,0,1
Fri,Feb 8,Valladolid,Villarreal,0,0,99,99,99,99,https://www.msn.com/en-us/sports/soccer/la-liga/real-valladolid-v-villarreal/game-center/sp-id-80402000001009541,49,51,8,7,3,3,13,18,8,3,3,3,,,3,2,0,0
Mon,Feb 4,Rayo,Leganés,1,2,0,1,1,1,https://www.msn.com/en-us/sports/soccer/la-liga/rayo-vallecano-v-legan%c3%a9s/game-center/sp-id-80402000001009535,62,38,15,13,6,4,19,10,5,6,2,5,,,6,4,0,1
Sun,Feb 3,Real Madrid,Alavés,3,0,1,2,0,0,https://www.msn.com/en-us/sports/soccer/la-liga/real-madrid-v-alav%c3%a9s/game-center/sp-id-80402000001009530,71,29,22,7,8,1,10,12,7,2,1,5,3,3,0,3,0,0
Sun,Feb 3,Eibar,Girona,3,0,1,2,0,0,https://www.msn.com/en-us/sports/soccer/la-liga/eibar-v-girona/game-center/sp-id-80402000001009528,56,44,17,6,5,2,12,9,8,5,2,2,2,3,2,1,0,0
Sun,Feb 3,Betis,Atlético,1,0,0,1,0,0,https://www.msn.com/en-us/sports/soccer/la-liga/real-betis-v-atl%c3%a9tico-de-madrid/game-center/sp-id-80402000001009532,55,45,7,13,3,1,7,21,1,7,1,2,2,2,4,3,0,0
Sun,Feb 3,Villarreal,Espanyol,2,2,1,2,0,1,https://www.msn.com/en-us/sports/soccer/la-liga/villarreal-v-espanyol/game-center/sp-id-80402000001009533,42,58,14,17,5,2,22,16,3,2,1,3,2,1,4,5,0,0
Sat,Feb 2,Celta,Sevilla FC,1,0,0,1,0,0,https://www.msn.com/en-us/sports/soccer/la-liga/celta-de-vigo-v-sevilla/game-center/sp-id-80402000001009527,44,56,10,13,4,2,13,12,4,9,2,3,3,3,4,4,0,0
Sat,Feb 2,Barça,Valencia,2,2,1,1,2,0,https://www.msn.com/en-us/sports/soccer/la-liga/barcelona-v-valencia-cf/game-center/sp-id-80402000001009526,69,31,20,14,8,8,8,5,9,1,5,7,,,3,0,0,0
Sat,Feb 2,Real Sociedad,Athletic,2,1,2,0,0,1,https://www.msn.com/en-us/sports/soccer/la-liga/real-sociedad-v-athletic-club/game-center/sp-id-80402000001009531,46,54,6,8,2,5,17,13,3,3,,,2,1,1,1,0,0
Sat,Feb 2,Levante,Getafe,0,0,99,99,99,99,https://www.msn.com/en-us/sports/soccer/la-liga/levante-v-getafe/game-center/sp-id-80402000001009534,58,42,8,9,4,2,7,15,5,5,2,4,2,5,4,3,0,0
Fri,Feb 1,Huesca,Valladolid,4,0,1,3,0,0,https://www.msn.com/en-us/sports/soccer/la-liga/huesca-v-real-valladolid/game-center/sp-id-80402000001009529,43,57,11,9,7,4,17,11,7,7,4,3,1,5,5,2,0,0
Mon,Jan 28,Alavés,Rayo,0,1,0,0,0,1,https://www.msn.com/en-us/sports/soccer/la-liga/alav%c3%a9s-v-rayo-vallecano/game-center/sp-id-80402000001009516,52,48,16,14,1,3,14,19,7,4,2,1,1,1,2,5,0,0
Sun,Jan 27,Espanyol,Real Madrid,2,4,1,1,3,1,https://www.msn.com/en-us/sports/soccer/la-liga/espanyol-v-real-madrid/game-center/sp-id-80402000001009519,36,64,13,16,6,9,15,17,1,6,5,3,,,3,4,0,1
Sun,Jan 27,Athletic,Betis,1,0,1,0,0,0,https://www.msn.com/en-us/sports/soccer/la-liga/athletic-club-v-real-betis/game-center/sp-id-80402000001009517,38,62,11,8,2,2,20,6,6,4,2,1,1,3,4,2,1,0
Sun,Jan 27,Real Sociedad,Huesca,0,0,99,99,99,99,https://www.msn.com/en-us/sports/soccer/la-liga/real-sociedad-v-huesca/game-center/sp-id-80402000001009524,68,32,8,8,1,1,9,22,5,2,1,1,4,2,0,3,0,0
Sun,Jan 27,Girona,Barça,0,2,0,0,1,1,https://www.msn.com/en-us/sports/soccer/la-liga/girona-v-barcelona/game-center/sp-id-80402000001009521,36,64,13,15,5,7,18,12,3,8,4,4,,,3,3,1,0
Sun,Jan 27,Valladolid,Celta,2,1,0,2,1,0,https://www.msn.com/en-us/sports/soccer/la-liga/real-valladolid-v-celta-de-vigo/game-center/sp-id-80402000001009522,44,56,19,9,7,3,15,19,7,5,2,5,4,1,2,3,0,1
Sat,Jan 26,Valencia,Villarreal,3,0,1,2,0,0,https://www.msn.com/en-us/sports/soccer/la-liga/valencia-cf-v-villarreal/game-center/sp-id-80402000001009520,45,55,18,14,9,5,13,8,7,4,5,6,2,3,1,3,0,0
Sat,Jan 26,Leganés,Eibar,2,2,0,2,2,0,https://www.msn.com/en-us/sports/soccer/la-liga/legan%c3%a9s-v-eibar/game-center/sp-id-80402000001009523,54,46,9,5,3,2,16,14,4,5,,,1,2,2,3,0,0
Sat,Jan 26,Atlético,Getafe,2,0,2,0,0,0,https://www.msn.com/en-us/sports/soccer/la-liga/atl%c3%a9tico-de-madrid-v-getafe/game-center/sp-id-80402000001009518,67,33,10,6,6,2,11,26,3,6,2,4,3,1,2,3,0,2
Sat,Jan 26,Sevilla FC,Levante,5,0,0,5,0,0,https://www.msn.com/en-us/sports/soccer/la-liga/sevilla-v-levante/game-center/sp-id-80402000001009525,54,46,23,6,,,15,13,5,8,,,1,2,2,1,0,0
Mon,Jan 21,Eibar,Espanyol,3,0,1,2,0,0,https://www.msn.com/en-us/sports/soccer/la-liga/eibar-v-espanyol/game-center/sp-id-80402000001009509,55,45,16,6,,,16,10,6,2,,,6,6,2,5,0,0
Sun,Jan 20,Barça,Leganés,3,1,1,2,0,1,https://www.msn.com/en-us/sports/soccer/la-liga/barcelona-v-legan%c3%a9s/game-center/sp-id-80402000001009506,72,28,15,5,7,2,12,18,5,1,1,4,,,3,3,0,0
Sun,Jan 20,Levante,Valladolid,2,0,1,1,0,0,https://www.msn.com/en-us/sports/soccer/la-liga/levante-v-real-valladolid/game-center/sp-id-80402000001009510,49,51,13,12,4,3,12,18,3,2,3,2,2,2,6,5,0,0
Sun,Jan 20,Rayo,Real Sociedad,2,2,2,0,1,1,https://www.msn.com/en-us/sports/soccer/la-liga/rayo-vallecano-v-real-sociedad/game-center/sp-id-80402000001009511,36,64,11,10,4,4,14,10,2,9,2,2,1,1,2,1,0,0
Sun,Jan 20,Villarreal,Athletic,1,1,1,1,0,0,https://www.msn.com/en-us/sports/soccer/la-liga/villarreal-v-athletic-club/game-center/sp-id-80402000001009514,50,50,3,9,1,2,17,13,1,3,,,3,1,4,1,0,0
Sun,Jan 20,Betis,Girona,3,2,1,2,2,0,https://www.msn.com/en-us/sports/soccer/la-liga/real-betis-v-girona/game-center/sp-id-80402000001009507,59,41,12,8,5,5,8,12,7,2,3,2,1,3,2,3,0,0
Sat,Jan 19,Celta,Valencia,1,2,1,0,0,2,https://www.msn.com/en-us/sports/soccer/la-liga/celta-de-vigo-v-valencia-cf/game-center/sp-id-80402000001009508,57,43,12,13,4,8,18,12,4,6,6,3,2,1,4,3,0,0
Sat,Jan 19,Huesca,Atlético,0,3,0,0,1,2,https://www.msn.com/en-us/sports/soccer/la-liga/huesca-v-atl%c3%a9tico-de-madrid/game-center/sp-id-80402000001009515,51,49,14,15,3,8,15,13,6,5,5,3,,,2,2,0,0
Sat,Jan 19,Real Madrid,Sevilla FC,2,0,0,2,0,0,https://www.msn.com/en-us/sports/soccer/la-liga/real-madrid-v-sevilla/game-center/sp-id-80402000001009512,69,31,23,4,6,1,9,14,7,4,1,4,2,1,2,3,0,0
Fri,Jan 18,Getafe,Alavés,4,0,1,3,0,0,https://www.msn.com/en-us/sports/soccer/la-liga/getafe-v-alav%c3%a9s/game-center/sp-id-80402000001009513,44,56,16,7,,,17,18,4,2,,,1,1,0,4,0,0
Mon,Jan 14,Real Sociedad,Espanyol,3,2,3,1,1,0,https://www.msn.com/en-us/sports/soccer/la-liga/real-sociedad-v-espanyol/game-center/sp-id-80402000001009503,39,61,9,21,4,2,16,12,7,3,1,1,2,3,5,4,1,0
Sun,Jan 13,Betis,Real Madrid,1,2,0,1,1,1,https://www.msn.com/en-us/sports/soccer/la-liga/real-betis-v-real-madrid/game-center/sp-id-80402000001009499,74,26,9,14,2,5,9,13,6,5,3,1,3,4,2,3,0,0
Sun,Jan 13,Barça,Eibar,3,0,1,2,0,0,https://www.msn.com/en-us/sports/soccer/la-liga/barcelona-v-eibar/game-center/sp-id-80402000001009498,58,42,7,15,6,2,10,12,2,3,2,3,8,3,2,1,0,0
Sun,Jan 13,Athletic,Sevilla FC,2,0,1,1,0,0,https://www.msn.com/en-us/sports/soccer/la-liga/athletic-club-v-sevilla/game-center/sp-id-80402000001009496,43,57,10,10,3,4,14,14,7,6,4,1,3,3,4,3,0,0
Sun,Jan 13,Atlético,Levante,1,0,0,1,0,0,https://www.msn.com/en-us/sports/soccer/la-liga/atl%c3%a9tico-de-madrid-v-levante/game-center/sp-id-80402000001009497,59,41,19,7,5,2,9,17,5,2,2,4,,,0,3,0,0
Sat,Jan 12,Villarreal,Getafe,1,2,0,0,0,3,https://www.msn.com/en-us/sports/soccer/la-liga/villarreal-v-getafe/game-center/sp-id-80402000001009504,58,42,17,9,7,4,14,13,6,1,2,7,1,3,4,3,0,0
Sat,Jan 12,Girona,Alavés,1,1,1,0,0,1,https://www.msn.com/en-us/sports/soccer/la-liga/girona-v-alav%c3%a9s/game-center/sp-id-80402000001009501,56,44,9,15,4,4,21,14,6,3,2,3,2,3,4,2,0,0
Sat,Jan 12,Valencia,Valladolid,1,1,0,1,0,1,https://www.msn.com/en-us/sports/soccer/la-liga/valencia-cf-v-real-valladolid/game-center/sp-id-80402000001009500,63,37,17,6,5,1,15,18,,,,,2,1,2,5,0,0
Sat,Jan 12,Leganés,Huesca,1,0,0,1,0,0,https://www.msn.com/en-us/sports/soccer/la-liga/legan%c3%a9s-v-huesca/game-center/sp-id-80402000001009505,50,50,14,9,7,3,11,9,4,4,2,6,3,1,3,3,0,0
Fri,Jan 11,Rayo,Celta,4,2,2,2,2,0,https://www.msn.com/en-us/sports/soccer/la-liga/rayo-vallecano-v-celta-de-vigo/game-center/sp-id-80402000001009502,39,61,11,13,8,4,12,8,7,5,2,4,4,2,4,1,0,0
Mon,Jan 7,Celta,Athletic,1,2,1,0,1,1,https://www.msn.com/en-us/sports/soccer/la-liga/celta-de-vigo-v-athletic-club/game-center/sp-id-80402000001009490,66,34,17,8,3,4,16,21,3,2,2,2,1,2,2,5,0,0
Sun,Jan 6,Getafe,Barça,1,2,1,0,2,0,https://www.msn.com/en-us/sports/soccer/la-liga/getafe-v-barcelona/game-center/sp-id-80402000001009492,24,76,10,12,2,8,23,12,4,3,6,1,3,2,4,3,0,0
Sun,Jan 6,Real Madrid,Real Sociedad,0,2,0,0,1,1,https://www.msn.com/en-us/sports/soccer/la-liga/real-madrid-v-real-sociedad/game-center/sp-id-80402000001009489,59,41,28,12,8,4,13,13,10,4,2,8,1,2,3,1,1,0
Sun,Jan 6,Sevilla FC,Atlético,1,1,1,0,1,0,https://www.msn.com/en-us/sports/soccer/la-liga/sevilla-v-atl%c3%a9tico-de-madrid/game-center/sp-id-80402000001009491,55,45,15,12,5,7,15,11,4,5,6,4,1,2,5,7,0,0
Sun,Jan 6,Eibar,Villarreal,0,0,99,99,99,99,https://www.msn.com/en-us/sports/soccer/la-liga/eibar-v-villarreal/game-center/sp-id-80402000001009487,55,45,24,7,6,4,12,15,13,1,4,5,2,4,0,2,0,0
Sat,Jan 5,Huesca,Betis,2,1,0,2,0,1,https://www.msn.com/en-us/sports/soccer/la-liga/huesca-v-real-betis/game-center/sp-id-80402000001009493,33,67,11,7,6,1,21,7,4,6,,,4,1,3,2,0,0
Sat,Jan 5,Alavés,Valencia,2,1,2,0,1,0,https://www.msn.com/en-us/sports/soccer/la-liga/alav%c3%a9s-v-valencia-cf/game-center/sp-id-80402000001009486,45,55,14,14,5,2,10,13,2,6,1,3,1,1,3,3,0,0
Sat,Jan 5,Valladolid,Rayo,0,1,0,0,1,0,https://www.msn.com/en-us/sports/soccer/la-liga/real-valladolid-v-rayo-vallecano/game-center/sp-id-80402000001009495,59,41,12,9,5,5,16,23,9,5,4,5,,,0,3,0,0
Fri,Jan 4,Espanyol,Leganés,1,0,1,0,0,0,https://www.msn.com/en-us/sports/soccer/la-liga/espanyol-v-legan%c3%a9s/game-center/sp-id-80402000001009488,52,48,12,10,1,2,10,17,3,6,,,,,2,3,0,1
Fri,Jan 4,Levante,Girona,2,2,0,2,1,1,https://www.msn.com/en-us/sports/soccer/la-liga/levante-v-girona/game-center/sp-id-80402000001009494,56,44,19,9,8,2,18,16,8,2,,,2,3,3,1,1,0
Thu,Jan 3,Villarreal,Real Madrid,2,2,1,1,2,0,https://www.msn.com/en-us/sports/soccer/la-liga/villarreal-v-real-madrid/game-center/sp-id-80402000001009485,46,54,12,14,4,7,12,13,6,4,5,2,3,3,2,2,0,0
Sun,Dec 23,Rayo,Levante,2,1,0,1,1,1,https://www.msn.com/en-us/sports/soccer/la-liga/rayo-vallecano-v-levante/game-center/sp-id-80402000001009484,41,59,18,12,8,7,13,10,3,5,6,7,,,2,2,0,0
Sun,Dec 23,Leganés,Sevilla FC,1,1,1,0,0,1,https://www.msn.com/en-us/sports/soccer/la-liga/legan%c3%a9s-v-sevilla/game-center/sp-id-80402000001009480,47,53,13,8,4,2,14,9,3,6,1,3,2,2,3,3,0,1
Sun,Dec 23,Valencia,Huesca,2,1,1,1,0,1,https://www.msn.com/en-us/sports/soccer/la-liga/valencia-cf-v-huesca/game-center/sp-id-80402000001009483,48,52,19,11,8,4,14,15,12,5,3,7,3,2,7,4,0,0
Sat,Dec 22,Athletic,Valladolid,1,1,1,0,0,1,https://www.msn.com/en-us/sports/soccer/la-liga/athletic-club-v-real-valladolid/game-center/sp-id-80402000001009476,43,57,8,5,3,2,25,12,3,1,1,2,1,5,3,2,0,0
Sat,Dec 22,Barça,Celta,2,0,2,0,0,0,https://www.msn.com/en-us/sports/soccer/la-liga/barcelona-v-celta-de-vigo/game-center/sp-id-80402000001009478,52,48,9,11,5,1,14,15,4,6,1,2,,,0,1,0,0
Sat,Dec 22,Atlético,Espanyol,1,0,0,1,0,0,https://www.msn.com/en-us/sports/soccer/la-liga/atl%c3%a9tico-de-madrid-v-espanyol/game-center/sp-id-80402000001009477,37,63,8,18,5,4,16,13,5,9,4,4,3,1,1,1,0,0
Sat,Dec 22,Betis,Eibar,1,1,1,0,0,1,https://www.msn.com/en-us/sports/soccer/la-liga/real-betis-v-eibar/game-center/sp-id-80402000001009479,57,43,4,15,2,4,11,13,4,11,3,1,,,2,4,0,0
Fri,Dec 21,Real Sociedad,Alavés,0,1,0,0,1,0,https://www.msn.com/en-us/sports/soccer/la-liga/real-sociedad-v-alav%c3%a9s/game-center/sp-id-80402000001009481,68,32,18,9,4,3,14,11,10,1,2,4,2,3,2,4,0,0
Fri,Dec 21,Girona,Getafe,1,1,0,1,0,1,https://www.msn.com/en-us/sports/soccer/la-liga/girona-v-getafe/game-center/sp-id-80402000001009482,66,34,12,5,4,2,9,13,4,1,1,3,2,2,1,2,0,0
Mon,Dec 17,Alavés,Athletic,0,0,99,99,99,99,https://www.msn.com/en-us/sports/soccer/la-liga/alav%c3%a9s-v-athletic-club/game-center/sp-id-80402000001009466,46,54,11,6,2,3,16,13,5,3,3,2,2,3,2,2,0,0
Sun,Dec 16,Levante,Barça,0,5,0,0,2,3,https://www.msn.com/en-us/sports/soccer/la-liga/levante-v-barcelona/game-center/sp-id-80402000001009472,43,57,20,16,6,9,12,9,15,3,4,6,2,4,2,3,1,0
Sun,Dec 16,Huesca,Villarreal,2,2,1,1,0,2,https://www.msn.com/en-us/sports/soccer/la-liga/huesca-v-villarreal/game-center/sp-id-80402000001009470,55,45,29,10,12,6,12,11,12,2,4,10,1,1,4,3,0,1
Sun,Dec 16,Espanyol,Betis,1,3,1,1,1,1,https://www.msn.com/en-us/sports/soccer/la-liga/espanyol-v-real-betis/game-center/sp-id-80402000001009473,33,67,11,12,3,5,23,10,,,3,2,4,1,3,4,0,0
Sun,Dec 16,Sevilla FC,Girona,2,0,0,2,0,0,https://www.msn.com/en-us/sports/soccer/la-liga/sevilla-v-girona/game-center/sp-id-80402000001009474,50,50,17,7,5,2,18,12,5,3,2,3,,,2,1,0,0
Sat,Dec 15,Eibar,Valencia,1,1,0,1,1,0,https://www.msn.com/en-us/sports/soccer/la-liga/eibar-v-valencia-cf/game-center/sp-id-80402000001009468,56,44,18,11,6,4,11,15,4,2,3,5,5,3,0,1,0,0
Sat,Dec 15,Real Madrid,Rayo,1,0,1,0,0,0,https://www.msn.com/en-us/sports/soccer/la-liga/real-madrid-v-rayo-vallecano/game-center/sp-id-80402000001009475,69,31,9,11,4,3,15,18,4,4,3,3,6,2,0,3,0,0
Sat,Dec 15,Valladolid,Atlético,2,3,0,1,2,2,https://www.msn.com/en-us/sports/soccer/la-liga/real-valladolid-v-atl%c3%a9tico-de-madrid/game-center/sp-id-80402000001009471,56,44,8,14,2,5,16,13,9,3,2,2,,,4,1,0,0
Sat,Dec 15,Getafe,Real Sociedad,1,0,1,0,0,0,https://www.msn.com/en-us/sports/soccer/la-liga/getafe-v-real-sociedad/game-center/sp-id-80402000001009469,29,71,9,9,2,4,24,14,2,3,4,1,2,6,3,4,0,0
Fri,Dec 14,Celta,Leganés,0,0,99,99,99,99,https://www.msn.com/en-us/sports/soccer/la-liga/celta-de-vigo-v-legan%c3%a9s/game-center/sp-id-80402000001009467,80,20,15,5,2,2,11,11,,,2,2,,,3,3,0,0
Mon,Dec 10,Athletic,Girona,1,0,0,1,0,0,https://www.msn.com/en-us/sports/soccer/la-liga/athletic-club-v-girona/game-center/sp-id-80402000001009456,51,49,25,3,10,1,17,15,,,1,9,,,3,1,0,0
Sun,Dec 9,Betis,Rayo,2,0,0,2,0,0,https://www.msn.com/en-us/sports/soccer/la-liga/real-betis-v-rayo-vallecano/game-center/sp-id-80402000001009457,60,40,8,14,3,5,14,20,2,9,5,1,7,1,2,4,0,0
Sun,Dec 9,Real Sociedad,Valladolid,1,2,0,1,1,1,https://www.msn.com/en-us/sports/soccer/la-liga/real-sociedad-v-real-valladolid/game-center/sp-id-80402000001009460,68,32,23,10,5,6,9,16,11,6,4,4,2,1,2,2,0,0
Sun,Dec 9,Huesca,Real Madrid,0,1,0,0,1,0,https://www.msn.com/en-us/sports/soccer/la-liga/huesca-v-real-madrid/game-center/sp-id-80402000001009459,46,54,11,5,4,4,12,10,11,6,3,3,4,3,2,2,0,0
Sun,Dec 9,Eibar,Levante,4,4,1,4,2,1,https://www.msn.com/en-us/sports/soccer/la-liga/eibar-v-levante/game-center/sp-id-80402000001009458,60,40,32,14,7,4,11,7,12,3,1,3,,,2,2,0,0
Sat,Dec 8,Espanyol,Barça,0,4,0,0,3,1,https://www.msn.com/en-us/sports/soccer/la-liga/espanyol-v-barcelona/game-center/sp-id-80402000001009462,45,55,15,17,3,9,16,10,11,4,5,3,3,4,1,0,0,0
Sat,Dec 8,Villarreal,Celta,2,3,0,2,1,2,https://www.msn.com/en-us/sports/soccer/la-liga/villarreal-v-celta-de-vigo/game-center/sp-id-80402000001009463,53,47,13,14,3,7,12,10,6,1,4,1,7,4,3,3,0,0
Sat,Dec 8,Valencia,Sevilla FC,1,1,0,1,0,1,https://www.msn.com/en-us/sports/soccer/la-liga/valencia-cf-v-sevilla/game-center/sp-id-80402000001009465,54,46,16,11,6,3,13,17,6,4,2,5,,,0,4,0,0
Sat,Dec 8,Atlético,Alavés,3,0,1,2,0,0,https://www.msn.com/en-us/sports/soccer/la-liga/atl%c3%a9tico-de-madrid-v-alav%c3%a9s/game-center/sp-id-80402000001009461,48,52,12,13,5,3,20,15,5,5,3,2,,,5,4,0,0
Fri,Dec 7,Leganés,Getafe,1,1,0,1,1,0,https://www.msn.com/en-us/sports/soccer/la-liga/legan%c3%a9s-v-getafe/game-center/sp-id-80402000001009464,66,34,17,6,5,2,12,13,7,2,1,4,,,1,2,1,0
Mon,Dec 3,Levante,Athletic,3,0,1,2,0,0,https://www.msn.com/en-us/sports/soccer/la-liga/levante-v-athletic-club/game-center/sp-id-80402000001009451,46,54,17,11,7,3,11,15,2,6,3,4,3,2,2,5,0,1
Sun,Dec 2,Alavés,Sevilla FC,1,1,1,0,0,1,https://www.msn.com/en-us/sports/soccer/la-liga/alav%c3%a9s-v-sevilla/game-center/sp-id-80402000001009446,45,55,10,14,3,3,21,14,2,5,2,2,1,4,3,3,0,0
Sun,Dec 2,Barça,Villarreal,2,0,1,1,0,0,https://www.msn.com/en-us/sports/soccer/la-liga/barcelona-v-villarreal/game-center/sp-id-80402000001009447,62,38,15,12,7,2,9,17,11,1,2,5,3,2,2,4,0,0
Sun,Dec 2,Girona,Atlético,1,1,1,1,0,0,https://www.msn.com/en-us/sports/soccer/la-liga/girona-v-atl%c3%a9tico-de-madrid/game-center/sp-id-80402000001009452,44,56,13,17,3,3,8,16,2,9,3,2,,,0,5,0,0
Sun,Dec 2,Betis,Real Sociedad,1,0,1,0,0,0,https://www.msn.com/en-us/sports/soccer/la-liga/real-betis-v-real-sociedad/game-center/sp-id-80402000001009448,58,42,6,6,4,4,18,18,6,4,4,3,2,2,4,2,0,0
Sat,Dec 1,Real Madrid,Valencia,2,0,0,1,1,0,https://www.msn.com/en-us/sports/soccer/la-liga/real-madrid-v-valencia-cf/game-center/sp-id-80402000001009450,60,40,13,7,4,2,11,10,2,2,2,2,2,3,1,3,0,0
Sat,Dec 1,Getafe,Espanyol,3,0,0,3,0,0,https://www.msn.com/en-us/sports/soccer/la-liga/getafe-v-espanyol/game-center/sp-id-80402000001009454,41,59,14,8,5,2,17,16,7,4,2,2,,,3,2,0,0
Sat,Dec 1,Valladolid,Leganés,2,4,0,2,2,2,https://www.msn.com/en-us/sports/soccer/la-liga/real-valladolid-v-legan%c3%a9s/game-center/sp-id-80402000001009455,68,32,21,14,6,5,5,13,6,5,1,4,1,1,0,3,0,0
Sat,Dec 1,Celta,Huesca,2,0,1,1,0,0,https://www.msn.com/en-us/sports/soccer/la-liga/celta-de-vigo-v-huesca/game-center/sp-id-80402000001009449,60,40,12,8,5,3,14,14,4,4,3,3,6,6,2,3,0,0
Fri,Nov 30,Rayo,Eibar,1,0,0,1,0,0,https://www.msn.com/en-us/sports/soccer/la-liga/rayo-vallecano-v-eibar/game-center/sp-id-80402000001009453,36,64,5,13,2,5,15,12,1,4,5,1,3,6,5,3,0,0
Mon,Nov 26,Real Sociedad,Celta,2,1,1,1,0,1,https://www.msn.com/en-us/sports/soccer/la-liga/real-sociedad-v-celta-de-vigo/game-center/sp-id-80402000001009444,48,52,15,6,8,2,12,14,6,2,1,5,,,2,2,0,0
Sun,Nov 25,Villarreal,Betis,2,1,0,2,0,1,https://www.msn.com/en-us/sports/soccer/la-liga/villarreal-v-real-betis/game-center/sp-id-80402000001009443,36,64,13,13,8,6,15,13,5,4,5,6,,,2,1,0,0
Sun,Nov 25,Espanyol,Girona,1,3,0,1,2,1,https://www.msn.com/en-us/sports/soccer/la-liga/espanyol-v-girona/game-center/sp-id-80402000001009439,60,40,18,16,10,11,16,14,8,3,7,9,3,1,3,4,0,0
Sun,Nov 25,Sevilla FC,Valladolid,1,0,1,0,0,0,https://www.msn.com/en-us/sports/soccer/la-liga/sevilla-v-real-valladolid/game-center/sp-id-80402000001009441,49,51,17,13,9,5,15,15,8,6,5,8,2,3,3,3,0,0
Sun,Nov 25,Athletic,Getafe,1,1,0,1,0,1,https://www.msn.com/en-us/sports/soccer/la-liga/athletic-club-v-getafe/game-center/sp-id-80402000001009437,65,35,8,16,4,2,10,12,2,2,1,3,3,5,5,4,0,0
Sat,Nov 24,Atlético,Barça,1,1,0,1,0,1,https://www.msn.com/en-us/sports/soccer/la-liga/atl%c3%a9tico-de-madrid-v-barcelona/game-center/sp-id-80402000001009436,30,70,3,8,1,2,19,12,2,8,,,,,4,3,0,0
Sat,Nov 24,Huesca,Levante,2,2,1,1,1,1,https://www.msn.com/en-us/sports/soccer/la-liga/huesca-v-levante/game-center/sp-id-80402000001009440,50,50,32,5,12,3,11,8,7,2,1,10,6,5,2,3,1,0
Sat,Nov 24,Valencia,Rayo,3,0,1,2,0,0,https://www.msn.com/en-us/sports/soccer/la-liga/valencia-cf-v-rayo-vallecano/game-center/sp-id-80402000001009445,50,50,13,13,10,3,15,14,6,5,3,7,3,4,2,2,0,1
Sat,Nov 24,Eibar,Real Madrid,3,0,1,2,0,0,https://www.msn.com/en-us/sports/soccer/la-liga/eibar-v-real-madrid/game-center/sp-id-80402000001009438,39,61,14,9,8,3,17,8,5,4,2,4,4,11,2,1,0,0
Fri,Nov 23,Leganés,Alavés,1,0,1,0,0,0,https://www.msn.com/en-us/sports/soccer/la-liga/legan%c3%a9s-v-alav%c3%a9s/game-center/sp-id-80402000001009442,49,51,13,7,6,2,10,13,5,3,2,5,3,2,2,4,0,0
Sun,Nov 11,Celta,Real Madrid,2,4,0,3,1,2,https://www.msn.com/en-us/sports/soccer/la-liga/celta-de-vigo-v-real-madrid/game-center/sp-id-80402000001009428,52,48,16,14,4,5,19,13,5,1,2,2,5,2,2,2,1,0
Sun,Nov 11,Rayo,Villarreal,2,2,1,1,1,1,https://www.msn.com/en-us/sports/soccer/la-liga/rayo-vallecano-v-villarreal/game-center/sp-id-80402000001009432,59,41,15,11,7,5,7,12,8,4,3,5,2,8,1,1,0,1
Sun,Nov 11,Sevilla FC,Espanyol,2,1,0,2,1,0,https://www.msn.com/en-us/sports/soccer/la-liga/sevilla-v-espanyol/game-center/sp-id-80402000001009435,52,48,23,14,10,7,18,10,6,3,6,8,,,4,2,0,0
Sun,Nov 11,Barça,Betis,3,4,0,3,2,2,https://www.msn.com/en-us/sports/soccer/la-liga/barcelona-v-real-betis/game-center/sp-id-80402000001009427,54,46,20,15,5,8,13,11,10,5,4,2,2,2,2,3,1,0
Sun,Nov 11,Alavés,Huesca,2,1,1,1,1,0,https://www.msn.com/en-us/sports/soccer/la-liga/alav%c3%a9s-v-huesca/game-center/sp-id-80402000001009426,50,50,13,9,5,2,20,13,5,4,1,3,2,3,3,4,0,0
Sat,Nov 10,Girona,Leganés,0,0,99,99,99,99,https://www.msn.com/en-us/sports/soccer/la-liga/girona-v-legan%c3%a9s/game-center/sp-id-80402000001009430,59,41,5,11,,,13,13,,,,,,,1,4,0,0
Sat,Nov 10,Atlético,Athletic,3,2,0,3,1,1,https://www.msn.com/en-us/sports/soccer/la-liga/atl%c3%a9tico-de-madrid-v-athletic-club/game-center/sp-id-80402000001009433,51,49,9,6,3,5,8,15,12,2,,,,,5,5,0,1
Sat,Nov 10,Getafe,Valencia,0,1,0,0,0,1,https://www.msn.com/en-us/sports/soccer/la-liga/getafe-v-valencia-cf/game-center/sp-id-80402000001009429,38,62,17,7,3,3,23,8,6,4,2,3,7,3,1,3,1,0
Sat,Nov 10,Valladolid,Eibar,0,0,2,0,2,0,https://www.msn.com/en-us/sports/soccer/la-liga/real-valladolid-v-eibar/game-center/sp-id-80402000001009434,39,61,18,8,8,3,17,5,5,2,1,6,,,4,2,0,0
Fri,Nov 9,Levante,Real Sociedad,1,3,1,0,0,3,https://www.msn.com/en-us/sports/soccer/la-liga/levante-v-real-sociedad/game-center/sp-id-80402000001009431,47,53,17,15,2,4,17,12,6,4,1,1,3,4,6,1,0,0
Mon,Nov 5,Espanyol,Athletic,1,0,1,0,0,0,https://www.msn.com/en-us/sports/soccer/la-liga/espanyol-v-athletic-club/game-center/sp-id-80402000001009420,41,59,8,10,3,2,15,13,2,1,2,2,,,1,3,0,0
Sun,Nov 4,Betis,Celta,3,3,1,2,0,3,https://www.msn.com/en-us/sports/soccer/la-liga/real-betis-v-celta-de-vigo/game-center/sp-id-80402000001009416,59,41,14,15,6,8,12,11,4,4,5,3,,,4,2,0,0
Sun,Nov 4,Real Sociedad,Sevilla FC,0,0,99,99,99,99,https://www.msn.com/en-us/sports/soccer/la-liga/real-sociedad-v-sevilla/game-center/sp-id-80402000001009418,52,48,11,8,1,1,8,17,7,7,1,2,1,4,1,3,0,0
Sun,Nov 4,Huesca,Getafe,1,1,0,1,0,1,https://www.msn.com/en-us/sports/soccer/la-liga/huesca-v-getafe/game-center/sp-id-80402000001009423,54,46,18,8,7,2,18,13,10,2,1,6,7,8,5,3,0,0
Sun,Nov 4,Villarreal,Levante,1,1,0,2,0,0,https://www.msn.com/en-us/sports/soccer/la-liga/villarreal-v-levante/game-center/sp-id-80402000001009425,58,42,23,13,4,2,14,10,5,4,2,3,2,2,3,3,0,0
Sun,Nov 4,Eibar,Alavés,2,1,0,2,1,0,https://www.msn.com/en-us/sports/soccer/la-liga/eibar-v-alav%c3%a9s/game-center/sp-id-80402000001009419,72,28,22,9,7,3,11,7,12,1,2,5,,,4,0,1,1
Sat,Nov 3,Rayo,Barça,2,3,1,1,1,2,https://www.msn.com/en-us/sports/soccer/la-liga/rayo-vallecano-v-barcelona/game-center/sp-id-80402000001009422,30,70,11,10,5,5,23,11,3,1,2,3,4,2,4,2,0,0
Sat,Nov 3,Valencia,Girona,0,1,0,0,0,1,https://www.msn.com/en-us/sports/soccer/la-liga/valencia-cf-v-girona/game-center/sp-id-80402000001009424,53,47,27,5,9,3,14,13,11,2,2,9,3,1,4,4,0,0
Sat,Nov 3,Real Madrid,Valladolid,2,0,0,2,0,0,https://www.msn.com/en-us/sports/soccer/la-liga/real-madrid-v-real-valladolid/game-center/sp-id-80402000001009417,58,42,17,12,8,2,14,7,8,6,2,5,,,1,0,0,0
Sat,Nov 3,Leganés,Atlético,1,1,0,1,0,1,https://www.msn.com/en-us/sports/soccer/la-liga/legan%c3%a9s-v-atl%c3%a9tico-de-madrid/game-center/sp-id-80402000001009421,45,55,8,9,3,4,18,12,4,7,3,2,,,4,2,0,0
Sun,Oct 28,Sevilla FC,Huesca,2,1,0,2,0,1,https://www.msn.com/en-us/sports/soccer/la-liga/sevilla-v-huesca/game-center/sp-id-80402000001009414,62,38,14,11,4,2,9,14,4,2,1,2,2,5,2,3,0,0
Sun,Oct 28,Alavés,Villarreal,2,1,0,2,1,0,https://www.msn.com/en-us/sports/soccer/la-liga/alav%c3%a9s-v-villarreal/game-center/sp-id-80402000001009407,48,52,19,10,6,2,11,11,8,4,1,4,1,7,1,1,0,0
Sun,Oct 28,Barça,Real Madrid,5,1,2,3,0,1,https://www.msn.com/en-us/sports/soccer/la-liga/barcelona-v-real-madrid/game-center/sp-id-80402000001009406,53,47,13,15,8,4,17,14,4,2,3,3,2,4,2,2,0,0
Sun,Oct 28,Getafe,Betis,2,0,0,2,0,0,https://www.msn.com/en-us/sports/soccer/la-liga/getafe-v-real-betis/game-center/sp-id-80402000001009412,31,69,15,7,6,3,9,14,5,4,3,3,5,2,1,2,0,0
Sat,Oct 27,Atlético,Real Sociedad,2,0,1,1,0,0,https://www.msn.com/en-us/sports/soccer/la-liga/atl%c3%a9tico-de-madrid-v-real-sociedad/game-center/sp-id-80402000001009409,61,39,14,7,,,10,7,10,1,,,,,2,1,0,0
Sat,Oct 27,Celta,Eibar,4,0,2,2,0,0,https://www.msn.com/en-us/sports/soccer/la-liga/celta-de-vigo-v-eibar/game-center/sp-id-80402000001009410,40,60,10,17,6,5,9,8,2,8,5,2,1,2,0,0,0,0
Sat,Oct 27,Levante,Leganés,2,0,1,1,0,0,https://www.msn.com/en-us/sports/soccer/la-liga/levante-v-legan%c3%a9s/game-center/sp-id-80402000001009415,42,58,9,21,4,6,12,14,3,2,6,2,,,2,2,0,0
Sat,Oct 27,Athletic,Valencia,0,0,99,99,99,99,https://www.msn.com/en-us/sports/soccer/la-liga/athletic-club-v-valencia-cf/game-center/sp-id-80402000001009408,53,47,13,11,2,3,25,22,5,2,3,2,,,2,5,0,0
Sat,Oct 27,Girona,Rayo,2,1,2,0,0,1,https://www.msn.com/en-us/sports/soccer/la-liga/girona-v-rayo-vallecano/game-center/sp-id-80402000001009411,44,56,14,14,6,5,11,16,4,7,4,4,3,2,1,3,1,0
Fri,Oct 26,Valladolid,Espanyol,1,1,0,1,1,0,https://www.msn.com/en-us/sports/soccer/la-liga/real-valladolid-v-espanyol/game-center/sp-id-80402000001009413,56,44,15,10,2,3,16,16,5,2,2,1,5,4,4,2,0,0
Wed,Oct 24,Rayo,Athletic,1,1,1,0,0,1,https://www.msn.com/en-us/sports/soccer/la-liga/rayo-vallecano-v-athletic-club/game-center/sp-id-80402000001009342,34,66,11,11,3,4,14,9,5,4,3,2,,,1,1,0,0
Mon,Oct 22,Real Sociedad,Girona,0,0,99,99,99,99,https://www.msn.com/en-us/sports/soccer/la-liga/real-sociedad-v-girona/game-center/sp-id-80402000001009403,54,46,14,12,8,2,14,15,7,6,2,8,,,3,1,0,0
Sun,Oct 21,Betis,Valladolid,0,1,0,0,1,0,https://www.msn.com/en-us/sports/soccer/la-liga/real-betis-v-real-valladolid/game-center/sp-id-80402000001009397,63,37,20,6,4,2,7,10,9,6,1,4,3,4,0,4,0,0
Sun,Oct 21,Huesca,Espanyol,0,2,0,0,1,1,https://www.msn.com/en-us/sports/soccer/la-liga/huesca-v-espanyol/game-center/sp-id-80402000001009401,53,47,10,6,2,2,21,14,6,4,,,1,4,3,3,0,0
Sun,Oct 21,Eibar,Athletic,1,1,1,0,1,0,https://www.msn.com/en-us/sports/soccer/la-liga/eibar-v-athletic-club/game-center/sp-id-80402000001009399,61,39,18,6,6,3,7,13,8,2,2,5,6,5,2,3,0,0
Sun,Oct 21,Rayo,Getafe,1,2,0,2,0,1,https://www.msn.com/en-us/sports/soccer/la-liga/rayo-vallecano-v-getafe/game-center/sp-id-80402000001009402,66,34,10,5,3,2,14,25,6,2,1,2,2,4,3,5,1,0
Sat,Oct 20,Barça,Sevilla FC,4,2,2,3,0,1,https://www.msn.com/en-us/sports/soccer/la-liga/barcelona-v-sevilla/game-center/sp-id-80402000001009396,53,47,23,19,9,6,10,16,5,7,5,5,1,4,0,1,0,0
Sat,Oct 20,Villarreal,Atlético,1,1,0,1,0,1,https://www.msn.com/en-us/sports/soccer/la-liga/villarreal-v-atl%c3%a9tico-de-madrid/game-center/sp-id-80402000001009400,53,47,18,15,6,4,16,9,8,7,4,5,,,3,1,0,0
Sat,Oct 20,Valencia,Leganés,1,1,0,1,0,1,https://www.msn.com/en-us/sports/soccer/la-liga/valencia-cf-v-legan%c3%a9s/game-center/sp-id-80402000001009404,59,41,18,7,4,5,9,13,10,1,4,3,2,1,1,2,0,0
Sat,Oct 20,Real Madrid,Levante,1,2,0,1,2,0,https://www.msn.com/en-us/sports/soccer/la-liga/real-madrid-v-levante/game-center/sp-id-80402000001009405,70,30,33,6,12,2,10,19,15,1,,,4,5,1,2,0,0
Fri,Oct 19,Celta,Alavés,0,1,0,0,0,1,https://www.msn.com/en-us/sports/soccer/la-liga/celta-de-vigo-v-alav%c3%a9s/game-center/sp-id-80402000001009398,61,39,19,9,9,2,9,12,6,2,1,9,,,2,3,0,0
Sun,Oct 7,Valencia,Barça,1,1,1,0,1,0,https://www.msn.com/en-us/sports/soccer/la-liga/valencia-cf-v-barcelona/game-center/sp-id-80402000001009392,24,76,10,10,3,5,11,6,5,2,4,2,,,2,2,0,0
Sun,Oct 7,Espanyol,Villarreal,3,1,1,2,1,0,https://www.msn.com/en-us/sports/soccer/la-liga/espanyol-v-villarreal/game-center/sp-id-80402000001009389,55,45,28,13,12,6,13,8,10,3,4,9,1,2,3,2,0,0
Sun,Oct 7,Sevilla FC,Celta,2,1,1,1,0,1,https://www.msn.com/en-us/sports/soccer/la-liga/sevilla-v-celta-de-vigo/game-center/sp-id-80402000001009393,52,48,12,12,3,5,14,9,8,8,4,1,2,1,3,2,0,1
Sun,Oct 7,Atlético,Betis,1,0,0,1,0,0,https://www.msn.com/en-us/sports/soccer/la-liga/atl%c3%a9tico-de-madrid-v-real-betis/game-center/sp-id-80402000001009388,36,64,13,5,,,16,10,6,4,,,,,5,2,0,0
Sun,Oct 7,Valladolid,Huesca,1,0,1,0,0,0,https://www.msn.com/en-us/sports/soccer/la-liga/real-valladolid-v-huesca/game-center/sp-id-80402000001009395,43,57,9,11,3,1,9,13,6,2,1,2,5,1,1,2,0,0
Sat,Oct 6,Leganés,Rayo,1,0,1,0,0,0,https://www.msn.com/en-us/sports/soccer/la-liga/legan%c3%a9s-v-rayo-vallecano/game-center/sp-id-80402000001009391,35,65,13,6,4,2,12,12,6,4,2,3,5,2,1,2,0,1
Sat,Oct 6,Alavés,Real Madrid,1,0,0,1,0,0,https://www.msn.com/en-us/sports/soccer/la-liga/alav%c3%a9s-v-real-madrid/game-center/sp-id-80402000001009386,30,70,8,13,4,6,20,10,4,3,5,3,,,1,0,0,0
Sat,Oct 6,Getafe,Levante,0,1,0,0,0,1,https://www.msn.com/en-us/sports/soccer/la-liga/getafe-v-levante/game-center/sp-id-80402000001009390,55,45,15,12,4,3,17,18,10,2,2,4,2,2,3,5,1,0
Sat,Oct 6,Girona,Eibar,2,3,2,0,2,1,https://www.msn.com/en-us/sports/soccer/la-liga/girona-v-eibar/game-center/sp-id-80402000001009394,52,48,10,12,3,4,9,17,4,9,1,1,,,3,5,0,0
Fri,Oct 5,Athletic,Real Sociedad,1,3,1,0,1,2,https://www.msn.com/en-us/sports/soccer/la-liga/athletic-club-v-real-sociedad/game-center/sp-id-80402000001009387,69,31,13,6,5,3,15,19,,,,,,,6,5,0,0
Mon,Oct 1,Celta,Getafe,1,1,1,0,0,1,https://www.msn.com/en-us/sports/soccer/la-liga/celta-de-vigo-v-getafe/game-center/sp-id-80402000001009377,53,47,8,12,2,4,13,15,3,9,3,1,3,1,2,2,0,0
Sun,Sep 30,Betis,Leganés,1,0,0,1,0,0,https://www.msn.com/en-us/sports/soccer/la-liga/real-betis-v-legan%c3%a9s/game-center/sp-id-80402000001009376,82,18,17,11,4,5,7,10,7,1,5,3,4,1,0,4,0,0
Sun,Sep 30,Levante,Alavés,2,1,2,0,1,0,https://www.msn.com/en-us/sports/soccer/la-liga/levante-v-alav%c3%a9s/game-center/sp-id-80402000001009381,48,52,14,13,3,2,22,19,9,4,1,1,,,7,1,0,0
Sun,Sep 30,Villarreal,Valladolid,0,1,0,0,0,1,https://www.msn.com/en-us/sports/soccer/la-liga/villarreal-v-real-valladolid/game-center/sp-id-80402000001009385,62,38,26,9,7,3,17,12,7,2,2,7,,,3,3,0,0
Sun,Sep 30,Huesca,Girona,1,1,0,1,1,0,https://www.msn.com/en-us/sports/soccer/la-liga/huesca-v-girona/game-center/sp-id-80402000001009384,52,48,13,13,6,3,14,14,5,5,2,5,,,3,2,0,0
Sat,Sep 29,Real Madrid,Atlético,0,0,99,99,99,99,https://www.msn.com/en-us/sports/soccer/la-liga/real-madrid-v-atl%c3%a9tico-de-madrid/game-center/sp-id-80402000001009380,66,34,15,8,6,3,7,17,8,6,3,6,,,3,4,0,0
Sat,Sep 29,Eibar,Sevilla FC,1,3,0,1,0,3,https://www.msn.com/en-us/sports/soccer/la-liga/eibar-v-sevilla/game-center/sp-id-80402000001009378,64,36,16,7,2,5,16,9,6,3,2,1,1,2,2,3,0,0
Sat,Sep 29,Barça,Athletic,1,1,0,1,1,0,https://www.msn.com/en-us/sports/soccer/la-liga/barcelona-v-athletic-club/game-center/sp-id-80402000001009382,70,30,20,8,8,2,9,18,4,3,1,7,2,3,3,3,0,0
Sat,Sep 29,Real Sociedad,Valencia,0,1,2,0,2,0,https://www.msn.com/en-us/sports/soccer/la-liga/real-sociedad-v-valencia-cf/game-center/sp-id-80402000001009379,39,61,18,8,8,3,17,5,5,2,1,6,,,4,2,0,0
Fri,Sep 28,Rayo,Espanyol,2,2,1,1,2,0,https://www.msn.com/en-us/sports/soccer/la-liga/rayo-vallecano-v-espanyol/game-center/sp-id-80402000001009383,53,47,11,12,5,5,13,16,5,3,3,2,,,3,3,0,0
Thu,Sep 27,Girona,Betis,0,1,0,0,0,1,https://www.msn.com/en-us/sports/soccer/la-liga/girona-v-real-betis/game-center/sp-id-80402000001009370,35,65,8,14,2,6,18,14,5,1,5,2,4,1,1,3,0,0
Thu,Sep 27,Alavés,Getafe,1,1,0,1,0,1,https://www.msn.com/en-us/sports/soccer/la-liga/alav%c3%a9s-v-getafe/game-center/sp-id-80402000001009366,49,51,15,13,2,5,9,22,5,7,4,1,3,4,4,2,0,0
Thu,Sep 27,Valladolid,Levante,2,1,0,2,0,1,https://www.msn.com/en-us/sports/soccer/la-liga/real-valladolid-v-levante/game-center/sp-id-80402000001009373,65,35,20,9,6,4,17,10,8,6,3,4,2,1,1,2,0,1
Wed,Sep 26,Valencia,Celta,1,1,1,0,0,1,https://www.msn.com/en-us/sports/soccer/la-liga/valencia-cf-v-celta-de-vigo/game-center/sp-id-80402000001009371,37,63,14,9,5,3,18,7,,,2,5,1,2,1,3,0,0
Wed,Sep 26,Sevilla FC,Real Madrid,3,0,3,0,0,0,https://www.msn.com/en-us/sports/soccer/la-liga/sevilla-v-real-madrid/game-center/sp-id-80402000001009375,40,60,16,21,7,3,16,12,5,6,3,5,3,5,3,4,0,0
Wed,Sep 26,Athletic,Villarreal,0,3,0,0,0,3,https://www.msn.com/en-us/sports/soccer/la-liga/athletic-club-v-villarreal/game-center/sp-id-80402000001009367,67,33,12,19,2,6,3,14,6,4,3,2,,,1,1,0,0
Wed,Sep 26,Leganés,Barça,2,1,0,2,1,0,https://www.msn.com/en-us/sports/soccer/la-liga/legan%c3%a9s-v-barcelona/game-center/sp-id-80402000001009369,22,78,10,9,6,5,15,11,4,5,4,4,1,5,4,2,0,0
Tue,Sep 25,Atlético,Huesca,3,0,3,0,0,0,https://www.msn.com/en-us/sports/soccer/la-liga/atl%c3%a9tico-de-madrid-v-huesca/game-center/sp-id-80402000001009368,59,41,17,8,5,1,1,14,4,3,1,2,1,2,0,2,0,0
Tue,Sep 25,Real Sociedad,Rayo,2,2,1,1,2,0,https://www.msn.com/en-us/sports/soccer/la-liga/real-sociedad-v-rayo-vallecano/game-center/sp-id-80402000001009374,56,44,16,10,6,5,12,18,8,5,4,4,6,1,4,3,0,0
Tue,Sep 25,Espanyol,Eibar,1,0,0,1,0,0,https://www.msn.com/en-us/sports/soccer/la-liga/espanyol-v-eibar/game-center/sp-id-80402000001009372,46,54,9,8,5,1,9,8,4,3,1,4,1,1,2,2,0,0
Sun,Sep 23,Barça,Girona,2,2,1,1,1,1,https://www.msn.com/en-us/sports/soccer/la-liga/barcelona-v-girona/game-center/sp-id-80402000001009356,67,33,22,7,11,6,9,16,8,2,3,9,1,1,3,5,1,0
Sun,Sep 23,Betis,Athletic,2,2,0,2,2,0,https://www.msn.com/en-us/sports/soccer/la-liga/real-betis-v-athletic-club/game-center/sp-id-80402000001009362,71,29,16,7,4,4,13,20,6,1,2,3,1,5,2,5,0,1
Sun,Sep 23,Villarreal,Valencia,0,0,99,99,99,99,https://www.msn.com/en-us/sports/soccer/la-liga/villarreal-v-valencia-cf/game-center/sp-id-80402000001009365,56,44,11,11,1,2,12,12,8,6,2,1,1,2,4,1,0,1
Sun,Sep 23,Levante,Sevilla FC,2,6,1,1,4,2,https://www.msn.com/en-us/sports/soccer/la-liga/levante-v-sevilla/game-center/sp-id-80402000001009360,48,52,19,20,11,9,5,18,8,4,3,9,2,1,1,1,0,0
Sat,Sep 22,Real Madrid,Espanyol,1,0,1,0,0,0,https://www.msn.com/en-us/sports/soccer/la-liga/real-madrid-v-espanyol/game-center/sp-id-80402000001009364,65,35,19,10,5,3,5,16,8,3,3,4,4,2,2,2,0,0
Sat,Sep 22,Getafe,Atlético,0,2,0,0,1,1,https://www.msn.com/en-us/sports/soccer/la-liga/getafe-v-atl%c3%a9tico-de-madrid/game-center/sp-id-80402000001009363,41,59,11,7,2,5,12,15,1,5,3,2,,,0,2,1,0
Sat,Sep 22,Celta,Valladolid,3,3,2,1,1,2,https://www.msn.com/en-us/sports/soccer/la-liga/celta-de-vigo-v-real-valladolid/game-center/sp-id-80402000001009357,47,53,12,14,5,4,9,11,7,8,1,2,2,1,2,2,0,0
Sat,Sep 22,Eibar,Leganés,1,0,0,1,0,0,https://www.msn.com/en-us/sports/soccer/la-liga/eibar-v-legan%c3%a9s/game-center/sp-id-80402000001009358,57,43,14,4,3,2,16,17,5,2,2,2,2,7,1,1,0,0
Sat,Sep 22,Rayo,Alavés,1,5,1,0,2,3,https://www.msn.com/en-us/sports/soccer/la-liga/rayo-vallecano-v-alav%c3%a9s/game-center/sp-id-80402000001009361,52,48,13,11,4,7,14,12,8,4,2,4,3,3,1,2,1,0
Fri,Sep 21,Huesca,Real Sociedad,0,1,0,0,0,1,https://www.msn.com/en-us/sports/soccer/la-liga/huesca-v-real-sociedad/game-center/sp-id-80402000001009359,48,52,13,7,3,1,16,12,7,5,,,,,5,1,0,2
Mon,Sep 17,Girona,Celta,3,2,2,1,1,1,https://www.msn.com/en-us/sports/soccer/la-liga/girona-v-celta-de-vigo/game-center/sp-id-80402000001009354,34,66,11,20,6,7,15,11,3,1,5,3,,,1,1,0,1
Sun,Sep 16,Sevilla FC,Getafe,0,2,0,0,2,0,https://www.msn.com/en-us/sports/soccer/la-liga/sevilla-v-getafe/game-center/sp-id-80402000001009355,70,30,15,10,1,5,10,22,7,1,3,2,6,1,3,6,0,0
Sun,Sep 16,Valladolid,Alavés,0,1,0,0,0,1,https://www.msn.com/en-us/sports/soccer/la-liga/real-valladolid-v-alav%c3%a9s/game-center/sp-id-80402000001009351,58,42,15,10,5,4,9,12,7,2,3,5,,,3,2,0,0
Sun,Sep 16,Espanyol,Levante,1,0,0,1,0,0,https://www.msn.com/en-us/sports/soccer/la-liga/espanyol-v-levante/game-center/sp-id-80402000001009348,57,43,23,16,9,4,17,13,5,4,4,8,,,1,2,0,0
Sun,Sep 16,Leganés,Villarreal,0,1,0,0,0,1,https://www.msn.com/en-us/sports/soccer/la-liga/legan%c3%a9s-v-villarreal/game-center/sp-id-80402000001009350,46,54,16,9,3,3,16,9,6,1,2,3,3,3,4,3,0,0
Sat,Sep 15,Athletic,Real Madrid,1,1,1,0,0,1,https://www.msn.com/en-us/sports/soccer/la-liga/athletic-club-v-real-madrid/game-center/sp-id-80402000001009346,40,60,12,16,4,6,19,7,1,2,5,3,2,6,6,2,0,0
Sat,Sep 15,Valencia,Betis,0,0,99,99,99,99,https://www.msn.com/en-us/sports/soccer/la-liga/valencia-cf-v-real-betis/game-center/sp-id-80402000001009353,39,61,12,11,2,6,22,9,5,4,5,2,,,6,3,0,0
Sat,Sep 15,Real Sociedad,Barça,1,2,1,0,0,2,https://www.msn.com/en-us/sports/soccer/la-liga/real-sociedad-v-barcelona/game-center/sp-id-80402000001009352,31,69,8,12,5,6,18,8,1,6,4,4,,,1,1,0,0
Sat,Sep 15,Atlético,Eibar,1,1,2,0,2,0,https://www.msn.com/en-us/sports/soccer/la-liga/atl%c3%a9tico-de-madrid-v-eibar/game-center/sp-id-80402000001009347,39,61,18,8,8,3,17,5,5,2,1,6,,,4,2,0,0
Fri,Sep 14,Huesca,Rayo,0,1,0,0,1,0,https://www.msn.com/en-us/sports/soccer/la-liga/huesca-v-rayo-vallecano/game-center/sp-id-80402000001009349,54,46,14,14,4,2,16,18,6,3,1,4,,,1,1,0,0
Sun,Sep 2,Betis,Sevilla FC,1,0,0,1,0,0,https://www.msn.com/en-us/sports/soccer/la-liga/real-betis-v-sevilla/game-center/sp-id-80402000001009338,62,38,11,8,3,2,15,17,5,8,2,2,4,5,3,5,0,0
Sun,Sep 2,Barça,Huesca,8,2,2,5,3,0,https://www.msn.com/en-us/sports/soccer/la-liga/barcelona-v-huesca/game-center/sp-id-80402000001009337,68,32,30,7,14,3,6,12,9,4,1,7,2,1,1,2,0,0
Sun,Sep 2,Alavés,Espanyol,2,1,0,2,1,0,https://www.msn.com/en-us/sports/soccer/la-liga/alav%c3%a9s-v-espanyol/game-center/sp-id-80402000001009336,37,63,8,11,5,7,19,13,,,6,3,2,1,4,3,0,0
Sun,Sep 2,Levante,Valencia,2,2,2,0,1,1,https://www.msn.com/en-us/sports/soccer/la-liga/levante-v-valencia-cf/game-center/sp-id-80402000001009341,46,54,13,18,4,5,14,10,3,5,3,2,4,4,2,2,1,0
Sat,Sep 1,Real Madrid,Leganés,4,1,1,3,1,0,https://www.msn.com/en-us/sports/soccer/la-liga/real-madrid-v-legan%c3%a9s/game-center/sp-id-80402000001009345,77,23,17,8,8,3,11,11,8,1,2,4,1,1,1,1,0,0
Sat,Sep 1,Celta,Atlético,2,0,0,2,0,0,https://www.msn.com/en-us/sports/soccer/la-liga/celta-de-vigo-v-atl%c3%a9tico-de-madrid/game-center/sp-id-80402000001009343,50,50,10,10,,,12,14,2,8,,,3,1,4,3,0,1
Fri,Aug 31,Eibar,Real Sociedad,2,1,1,1,1,0,https://www.msn.com/en-us/sports/soccer/la-liga/eibar-v-real-sociedad/game-center/sp-id-80402000001009339,58,42,8,7,2,2,17,15,4,2,,,4,3,3,2,0,0
Fri,Aug 31,Villarreal,Girona,0,1,0,0,0,1,https://www.msn.com/en-us/sports/soccer/la-liga/villarreal-v-girona/game-center/sp-id-80402000001009344,66,34,13,14,3,6,16,11,7,2,5,3,1,1,3,2,0,0
Fri,Aug 31,Getafe,Valladolid,0,0,99,99,99,99,https://www.msn.com/en-us/sports/soccer/la-liga/getafe-v-real-valladolid/game-center/sp-id-80402000001009340,54,46,12,7,3,4,22,14,6,7,4,3,1,1,2,1,0,0
Mon,Aug 27,Athletic,Huesca,2,2,0,2,0,2,https://www.msn.com/en-us/sports/soccer/la-liga/athletic-club-v-huesca/game-center/sp-id-80402000001009327,60,40,14,9,4,4,15,16,3,2,2,2,2,1,2,2,0,0
Mon,Aug 27,Levante,Celta,1,2,0,1,2,0,https://www.msn.com/en-us/sports/soccer/la-liga/levante-v-celta-de-vigo/game-center/sp-id-80402000001009334,55,45,15,21,6,9,14,8,7,7,6,5,1,4,2,3,0,0
Sun,Aug 26,Girona,Real Madrid,1,4,1,0,1,3,https://www.msn.com/en-us/sports/soccer/la-liga/girona-v-real-madrid/game-center/sp-id-80402000001009330,34,66,10,20,5,8,13,11,4,7,4,4,2,1,2,3,0,0
Sun,Aug 26,Sevilla FC,Villarreal,0,0,99,99,99,99,https://www.msn.com/en-us/sports/soccer/la-liga/sevilla-v-villarreal/game-center/sp-id-80402000001009332,52,48,19,15,2,6,13,14,4,5,6,2,,,3,2,0,0
Sun,Aug 26,Espanyol,Valencia,2,0,0,2,0,0,https://www.msn.com/en-us/sports/soccer/la-liga/espanyol-v-valencia-cf/game-center/sp-id-80402000001009329,48,52,19,16,9,4,16,12,6,10,3,7,2,1,1,1,0,0
Sat,Aug 25,Valladolid,Barça,0,1,0,0,0,1,https://www.msn.com/en-us/sports/soccer/la-liga/real-valladolid-v-barcelona/game-center/sp-id-80402000001009333,36,64,7,10,4,5,13,11,6,10,4,4,2,1,1,1,0,0
Sat,Aug 25,Atlético,Rayo,1,0,0,1,0,0,https://www.msn.com/en-us/sports/soccer/la-liga/atl%c3%a9tico-de-madrid-v-rayo-vallecano/game-center/sp-id-80402000001009328,47,53,9,13,2,3,7,8,8,5,3,1,4,1,1,1,0,0
Sat,Aug 25,Alavés,Betis,0,0,99,99,99,99,https://www.msn.com/en-us/sports/soccer/la-liga/alav%c3%a9s-v-real-betis/game-center/sp-id-80402000001009326,33,67,16,12,4,5,17,15,5,6,4,4,1,5,3,1,0,0
Fri,Aug 24,Leganés,Real Sociedad,2,2,0,2,2,0,https://www.msn.com/en-us/sports/soccer/la-liga/legan%c3%a9s-v-real-sociedad/game-center/sp-id-80402000001009331,67,33,18,7,5,6,12,9,,,4,2,3,3,1,2,0,0
Fri,Aug 24,Getafe,Eibar,2,0,1,1,0,0,https://www.msn.com/en-us/sports/soccer/la-liga/getafe-v-eibar/game-center/sp-id-80402000001009335,36,64,7,9,,,14,11,5,5,,,2,5,2,1,0,0
Mon,Aug 20,Athletic,Leganés,2,1,1,1,1,0,https://www.msn.com/en-us/sports/soccer/la-liga/athletic-club-v-legan%c3%a9s/game-center/sp-id-80402000001009316,66,34,17,11,5,2,12,13,6,2,1,3,,,4,5,0,0
Mon,Aug 20,Valencia,Atlético,1,1,0,1,1,0,https://www.msn.com/en-us/sports/soccer/la-liga/valencia-cf-v-atl%c3%a9tico-de-madrid/game-center/sp-id-80402000001009323,51,49,13,9,4,3,10,15,4,10,2,3,,,2,3,0,0
Sun,Aug 19,Real Madrid,Getafe,2,0,1,1,0,0,https://www.msn.com/en-us/sports/soccer/la-liga/real-madrid-v-getafe/game-center/sp-id-80402000001009324,78,22,10,5,3,1,11,28,,,1,1,,,1,7,0,0
Sun,Aug 19,Rayo,Sevilla FC,1,4,0,1,3,1,https://www.msn.com/en-us/sports/soccer/la-liga/rayo-vallecano-v-sevilla/game-center/sp-id-80402000001009321,48,52,13,17,2,8,6,15,2,6,3,1,3,6,1,0,0,0
Sun,Aug 19,Eibar,Huesca,1,2,0,1,2,0,https://www.msn.com/en-us/sports/soccer/la-liga/eibar-v-huesca/game-center/sp-id-80402000001009319,69,31,18,8,6,6,12,13,,,4,5,1,2,1,1,0,0
Sat,Aug 18,Barça,Alavés,3,0,0,3,0,0,https://www.msn.com/en-us/sports/soccer/la-liga/barcelona-v-alav%c3%a9s/game-center/sp-id-80402000001009322,79,21,25,3,,,6,13,7,1,,,,,0,2,0,0
Sat,Aug 18,Villarreal,Real Sociedad,1,2,1,0,1,1,https://www.msn.com/en-us/sports/soccer/la-liga/villarreal-v-real-sociedad/game-center/sp-id-80402000001009325,52,48,16,9,7,4,16,10,4,6,2,6,,,2,3,0,0
Sat,Aug 18,Celta,Espanyol,1,1,0,0,1,1,https://www.msn.com/en-us/sports/soccer/la-liga/celta-de-vigo-v-espanyol/game-center/sp-id-80402000001009318,48,52,12,14,2,5,13,14,8,7,4,2,3,1,3,2,0,0
Fri,Aug 17,Betis,Levante,0,3,0,0,1,2,https://www.msn.com/en-us/sports/soccer/la-liga/real-betis-v-levante/game-center/sp-id-80402000001009317,77,23,22,6,8,4,10,10,5,3,1,8,2,4,0,2,0,0
Fri,Aug 17,Girona,Valladolid,0,0,99,99,99,99,https://www.msn.com/en-us/sports/soccer/la-liga/girona-v-real-valladolid/game-center/sp-id-80402000001009320,68,32,13,2,1,1,21,20,3,2,1,2,1,1,1,1,0,0
